AP_Rnk,PS_Rnk,KP_Rank,TournamentYear,TeamID,TS_Team,Auto Bid,KP_Conference,TS_GP,STA_W,STA_L,STA_Pct,STA_Conf_W,STA_Conf_L,STA_Conf_Pct,STA_Home_W,STA_Home_L,STA_Away_W,STA_Away_L,STA_Neutral_W,STA_Neutral_L,STA_Top25_W,STA_Top25_L,STA_Conf_PF,STA_Conf_PA,STA_Conf_PPG,STA_Conf_PAPG,STA_PF,STA_PA,STA_PPG,STA_PAPG,TS_FGM,TS_FGA,TS_FG%,TS_3PM,TS_3PA,TS_3P%,TS_FTM,TS_FTA,TS_FT%,KP_Ajusted Efficiency Margin,KP_Adjusted Offensive Efficiency,KP_AOE Rk,KP_Adjusted Defensive Efficiency,KP_ADE Rk,KP_Adjusted Tempo,KP_AT Rk,KP_Luck,KP_Luck Rk,KP_Strength of Schedule,KP_SOS Rk,KP_Non-Conference Strength of Schedule,KP_NCSOS Rk,KP_Average Opponents Offensive Efficiency,KP_AOOE Rk,KP_Average Opponents Defensive Efficiency,KP_AODE Rk,Round,Round Number,Team,Seed,PF**,Opp_AP_Rnk,Opp_PS_Rnk,Opp_KP_Rank,OppTeamID,Opp_TS_Team,Opp_KP_Conference,Opp_TS_GP,Opp_STA_W,Opp_STA_L,Opp_STA_Pct,Opp_STA_Conf_W,Opp_STA_Conf_L,Opp_STA_Conf_Pct,Opp_STA_Home_W,Opp_STA_Home_L,Opp_STA_Away_W,Opp_STA_Away_L,Opp_STA_Neutral_W,Opp_STA_Neutral_L,Opp_STA_Top25_W,Opp_STA_Top25_L,Opp_STA_Conf_PF,Opp_STA_Conf_PA,Opp_STA_Conf_PPG,Opp_STA_Conf_PAPG,Opp_STA_PF,Opp_STA_PA,Opp_STA_PPG,Opp_STA_PAPG,Opp_TS_FGM,Opp_TS_FGA,Opp_TS_FG%,Opp_TS_3PM,Opp_TS_3PA,Opp_TS_3P%,Opp_TS_FTM,Opp_TS_FTA,Opp_TS_FT%,Opp_KP_Ajusted Efficiency Margin,Opp_KP_Adjusted Offensive Efficiency,Opp_KP AOW Rk,Opp_KP_Adjusted Defensive Efficiency,Opp_KP_ADE Rk,Opp_KP_Adjusted Tempo,Opp_KP_AT Rk,Opp_KP_Luck,Opp_KP_Luck_Rk,Opp_KP_Strength of Schedule,Opp_KP_SOS Rk,Opp_KP_Non-Conference Strength of Schedule,Opp_KP_NCSOS Rk,Opp_KP_Average Opponents Offensive Efficiency,Opp_KP_AOOE Rk,Opp_KP_Average Opponents Defensive Efficiency,Opp_KP_AODE Rk,OppTeam,OppSeed,GameID
,,200,2021,67,Norfolk State,1,MEAC,23.00,16.00,7.00,0.696,8.00,4.00,0.667,7.00,4.00,6.00,3.00,3.00,0.00,0.00,0.00,951.00,881.00,79.3,73.4,1730.00,1591.00,75.2,69.2,591.00,1357.00,0.436,180.00,489.00,0.368,368.00,521.00,0.706,-2.31,101.3,204,103.6,219,67.7,221,0.031,106,-8.31,334,-0.73,224,96.9,326,105.2,312,First Four,0,Norfolk State,16,54,,,209,68,Appalachian State,Sun Belt,28.00,17.00,11.00,0.607,7.00,8.00,0.467,9.00,4.00,4.00,7.00,4.00,0.00,0.00,1.00,1040.00,1029.00,69.3,68.6,1986.00,1806.00,70.9,64.5,674.00,1626.00,0.415,227.00,701.00,0.324,411.00,558.00,0.737,-2.91,100.1,227,103,205,65.7,310,0.06,52,-2.97,232,5.72,113,100.1,249,103.1,221,Appalachian State,16,1
,,209,2021,68,Appalachian State,1,Sun Belt,28.00,17.00,11.00,0.607,7.00,8.00,0.467,9.00,4.00,4.00,7.00,4.00,0.00,0.00,1.00,1040.00,1029.00,69.3,68.6,1986.00,1806.00,70.9,64.5,674.00,1626.00,0.415,227.00,701.00,0.324,411.00,558.00,0.737,-2.91,100.1,227,103,205,65.7,310,0.06,52,-2.97,232,5.72,113,100.1,249,103.1,221,First Four,0,Appalachian State,16,53,,,200,67,Norfolk State,MEAC,23.00,16.00,7.00,0.696,8.00,4.00,0.667,7.00,4.00,6.00,3.00,3.00,0.00,0.00,0.00,951.00,881.00,79.3,73.4,1730.00,1591.00,75.2,69.2,591.00,1357.00,0.436,180.00,489.00,0.368,368.00,521.00,0.706,-2.31,101.3,204,103.6,219,67.7,221,0.031,106,-8.31,334,-0.73,224,96.9,326,105.2,312,Norfolk State,16,1
,,74,2021,45,Wichita State,0,American,21.00,16.00,5.00,0.762,11.00,2.00,0.846,10.00,2.00,5.00,2.00,1.00,1.00,1.00,1.00,945.00,891.00,72.7,68.5,1520.00,1416.00,72.4,67.4,514.00,1261.00,0.408,175.00,512.00,0.342,317.00,460.00,0.689,12.98,110.7,56,97.7,103,67.6,225,0.121,10,9.09,84,12.6,34,105.4,107,96.4,48,First Four,0,Wichita State,11,52,,,53,48,Drake,Missouri Valley,29.00,25.00,4.00,0.862,15.00,3.00,0.833,14.00,1.00,9.00,2.00,2.00,1.00,1.00,2.00,1331.00,1191.00,73.9,66.2,2245.00,1875.00,77.4,64.7,868.00,1757.00,0.494,204.00,552.00,0.37,305.00,428.00,0.713,16.07,114.6,19,98.6,120,66.8,265,0.095,21,2.18,157,-9.27,310,102.9,172,100.7,138,Drake,11,2
,,53,2021,48,Drake,0,Missouri Valley,29.00,25.00,4.00,0.862,15.00,3.00,0.833,14.00,1.00,9.00,2.00,2.00,1.00,1.00,2.00,1331.00,1191.00,73.9,66.2,2245.00,1875.00,77.4,64.7,868.00,1757.00,0.494,204.00,552.00,0.37,305.00,428.00,0.713,16.07,114.6,19,98.6,120,66.8,265,0.095,21,2.18,157,-9.27,310,102.9,172,100.7,138,First Four,0,Drake,11,53,,,74,45,Wichita State,American,21.00,16.00,5.00,0.762,11.00,2.00,0.846,10.00,2.00,5.00,2.00,1.00,1.00,1.00,1.00,945.00,891.00,72.7,68.5,1520.00,1416.00,72.4,67.4,514.00,1261.00,0.408,175.00,512.00,0.342,317.00,460.00,0.689,12.98,110.7,56,97.7,103,67.6,225,0.121,10,9.09,84,12.6,34,105.4,107,96.4,48,Wichita State,11,2
,13,56,2021,43,Michigan State,0,Big Ten,27.00,15.00,12.00,0.556,9.00,11.00,0.45,12.00,3.00,3.00,8.00,0.00,1.00,5.00,6.00,1298.00,1403.00,64.9,70.2,1864.00,1905.00,69,70,668.00,1574.00,0.424,172.00,537.00,0.32,356.00,494.00,0.721,15.44,107.7,98,92.2,32,68.6,166,0.106,16,18.16,8,-0.53,220,112.5,3,94.3,15,First Four,0,Michigan State,11,80,,22,44,44,UCLA,Pac-12,26.00,17.00,9.00,0.654,13.00,6.00,0.684,11.00,1.00,5.00,5.00,1.00,2.00,0.00,1.00,1350.00,1282.00,71.1,67.5,1894.00,1781.00,72.8,68.5,686.00,1485.00,0.462,173.00,471.00,0.367,349.00,484.00,0.721,17.35,114.1,26,96.8,86,64.7,332,0.024,119,11.87,55,9.09,68,108.6,50,96.7,61,UCLA,11,3
,22,44,2021,44,UCLA,0,Pac-12,26.00,17.00,9.00,0.654,13.00,6.00,0.684,11.00,1.00,5.00,5.00,1.00,2.00,0.00,1.00,1350.00,1282.00,71.1,67.5,1894.00,1781.00,72.8,68.5,686.00,1485.00,0.462,173.00,471.00,0.367,349.00,484.00,0.721,17.35,114.1,26,96.8,86,64.7,332,0.024,119,11.87,55,9.09,68,108.6,50,96.7,61,First Four,0,UCLA,11,86,,13,56,43,Michigan State,Big Ten,27.00,15.00,12.00,0.556,9.00,11.00,0.45,12.00,3.00,3.00,8.00,0.00,1.00,5.00,6.00,1298.00,1403.00,64.9,70.2,1864.00,1905.00,69,70,668.00,1574.00,0.424,172.00,537.00,0.32,356.00,494.00,0.721,15.44,107.7,98,92.2,32,68.6,166,0.106,16,18.16,8,-0.53,220,112.5,3,94.3,15,Michigan State,11,3
,,219,2021,65,Mount St. Mary's,1,NEC,22.00,12.00,10.00,0.545,9.00,7.00,0.563,6.00,3.00,6.00,6.00,0.00,1.00,0.00,0.00,1031.00,976.00,64.4,61,1402.00,1371.00,63.7,62.3,508.00,1192.00,0.426,146.00,433.00,0.337,240.00,354.00,0.678,-3.58,96.1,287,99.7,136,62.2,356,0.006,157,-6.06,303,11.52,44,99.4,274,105.5,321,First Four,0,Mount St. Mary's,16,52,,,229,66,Texas Southern,SWAC,24.00,16.00,8.00,0.667,10.00,3.00,0.769,8.00,2.00,5.00,6.00,3.00,0.00,0.00,0.00,976.00,876.00,75.1,67.4,1795.00,1672.00,74.8,69.7,650.00,1443.00,0.45,110.00,398.00,0.276,385.00,551.00,0.699,-4.63,99.7,236,104.3,236,72,41,0.055,61,-10.23,341,13.39,30,94,341,104.2,267,Texas Southern,16,4
,,229,2021,66,Texas Southern,1,SWAC,24.00,16.00,8.00,0.667,10.00,3.00,0.769,8.00,2.00,5.00,6.00,3.00,0.00,0.00,0.00,976.00,876.00,75.1,67.4,1795.00,1672.00,74.8,69.7,650.00,1443.00,0.45,110.00,398.00,0.276,385.00,551.00,0.699,-4.63,99.7,236,104.3,236,72,41,0.055,61,-10.23,341,13.39,30,94,341,104.2,267,First Four,0,Texas Southern,16,60,,,219,65,Mount St. Mary's,NEC,22.00,12.00,10.00,0.545,9.00,7.00,0.563,6.00,3.00,6.00,6.00,0.00,1.00,0.00,0.00,1031.00,976.00,64.4,61,1402.00,1371.00,63.7,62.3,508.00,1192.00,0.426,146.00,433.00,0.337,240.00,354.00,0.678,-3.58,96.1,287,99.7,136,62.2,356,0.006,157,-6.06,303,11.52,44,99.4,274,105.5,321,Mount St. Mary's,16,4
1,1,1,2021,1,Gonzaga,1,WCC,26.00,26.00,0.00,1,15.00,0.00,1,12.00,0.00,7.00,0.00,7.00,0.00,4.00,0.00,1363.00,1002.00,90.9,66.8,2395.00,1797.00,92.1,69.1,888.00,1612.00,0.551,190.00,520.00,0.365,429.00,590.00,0.727,38.05,126.8,1,88.8,10,74.8,4,0.018,136,7.82,94,5.99,106,105.7,100,97.9,96,First Round,1,Gonzaga,1,98,,,200,67,Norfolk State,MEAC,23.00,16.00,7.00,0.696,8.00,4.00,0.667,7.00,4.00,6.00,3.00,3.00,0.00,0.00,0.00,951.00,881.00,79.3,73.4,1730.00,1591.00,75.2,69.2,591.00,1357.00,0.436,180.00,489.00,0.368,368.00,521.00,0.706,-2.31,101.3,204,103.6,219,67.7,221,0.031,106,-8.31,334,-0.73,224,96.9,326,105.2,312,Norfolk State,16,5
,,200,2021,67,Norfolk State,1,MEAC,23.00,16.00,7.00,0.696,8.00,4.00,0.667,7.00,4.00,6.00,3.00,3.00,0.00,0.00,0.00,951.00,881.00,79.3,73.4,1730.00,1591.00,75.2,69.2,591.00,1357.00,0.436,180.00,489.00,0.368,368.00,521.00,0.706,-2.31,101.3,204,103.6,219,67.7,221,0.031,106,-8.31,334,-0.73,224,96.9,326,105.2,312,First Round,1,Norfolk State,16,55,1,1,1,1,Gonzaga,WCC,26.00,26.00,0.00,1,15.00,0.00,1,12.00,0.00,7.00,0.00,7.00,0.00,4.00,0.00,1363.00,1002.00,90.9,66.8,2395.00,1797.00,92.1,69.1,888.00,1612.00,0.551,190.00,520.00,0.365,429.00,590.00,0.727,38.05,126.8,1,88.8,10,74.8,4,0.018,136,7.82,94,5.99,106,105.7,100,97.9,96,Gonzaga,1,5
,,39,2021,32,Oklahoma,0,Big 12,25.00,15.00,10.00,0.6,9.00,8.00,0.529,10.00,3.00,4.00,7.00,1.00,0.00,5.00,7.00,1232.00,1179.00,72.5,69.4,1869.00,1731.00,74.8,69.2,670.00,1517.00,0.442,200.00,591.00,0.338,329.00,442.00,0.744,18.07,112.1,36,94.1,53,67.7,222,-0.038,260,12.45,48,0.59,203,108.2,55,95.7,38,First Round,1,Oklahoma,8,72,,,51,33,Missouri,SEC,25.00,16.00,9.00,0.64,8.00,8.00,0.5,8.00,4.00,6.00,4.00,2.00,1.00,4.00,2.00,1152.00,1168.00,72,73,1841.00,1798.00,73.6,71.9,646.00,1439.00,0.449,173.00,540.00,0.32,376.00,539.00,0.698,16.58,110.9,51,94.4,58,68.7,160,0.088,24,15.08,17,9.77,59,109.8,25,94.7,20,Missouri,9,6
,,51,2021,33,Missouri,0,SEC,25.00,16.00,9.00,0.64,8.00,8.00,0.5,8.00,4.00,6.00,4.00,2.00,1.00,4.00,2.00,1152.00,1168.00,72,73,1841.00,1798.00,73.6,71.9,646.00,1439.00,0.449,173.00,540.00,0.32,376.00,539.00,0.698,16.58,110.9,51,94.4,58,68.7,160,0.088,24,15.08,17,9.77,59,109.8,25,94.7,20,First Round,1,Missouri,9,68,,,39,32,Oklahoma,Big 12,25.00,15.00,10.00,0.6,9.00,8.00,0.529,10.00,3.00,4.00,7.00,1.00,0.00,5.00,7.00,1232.00,1179.00,72.5,69.4,1869.00,1731.00,74.8,69.2,670.00,1517.00,0.442,200.00,591.00,0.338,329.00,442.00,0.744,18.07,112.1,36,94.1,53,67.7,222,-0.038,260,12.45,48,0.59,203,108.2,55,95.7,38,Oklahoma,8,6
19,11,19,2021,17,Creighton,0,Big East,28.00,20.00,8.00,0.714,14.00,6.00,0.7,11.00,3.00,7.00,4.00,2.00,1.00,3.00,2.00,1535.00,1397.00,76.8,69.9,2155.00,1912.00,77,68.3,797.00,1675.00,0.476,272.00,742.00,0.367,289.00,450.00,0.642,22.73,115.6,14,92.8,40,69.1,144,0.001,172,12.52,45,-1.4,233,107.8,63,95.3,29,First Round,1,Creighton,5,63,,,69,50,UC Santa Barbara,Big West,26.00,22.00,4.00,0.846,13.00,3.00,0.813,11.00,0.00,8.00,4.00,3.00,0.00,0.00,0.00,1309.00,1119.00,72.7,62.2,1989.00,1633.00,76.5,62.8,717.00,1477.00,0.485,176.00,501.00,0.351,379.00,505.00,0.75,13.66,109.9,66,96.3,82,66.1,295,0.054,63,-0.54,185,2.48,169,101.4,215,101.9,174,UC Santa Barbara,12,7
,,69,2021,50,UC Santa Barbara,1,Big West,26.00,22.00,4.00,0.846,13.00,3.00,0.813,11.00,0.00,8.00,4.00,3.00,0.00,0.00,0.00,1309.00,1119.00,72.7,62.2,1989.00,1633.00,76.5,62.8,717.00,1477.00,0.485,176.00,501.00,0.351,379.00,505.00,0.75,13.66,109.9,66,96.3,82,66.1,295,0.054,63,-0.54,185,2.48,169,101.4,215,101.9,174,First Round,1,UC Santa Barbara,12,62,19,11,19,17,Creighton,Big East,28.00,20.00,8.00,0.714,14.00,6.00,0.7,11.00,3.00,7.00,4.00,2.00,1.00,3.00,2.00,1535.00,1397.00,76.8,69.9,2155.00,1912.00,77,68.3,797.00,1675.00,0.476,272.00,742.00,0.367,289.00,450.00,0.642,22.73,115.6,14,92.8,40,69.1,144,0.001,172,12.52,45,-1.4,233,107.8,63,95.3,29,Creighton,5,7
15,4,11,2021,16,Virginia,0,ACC,24.00,18.00,6.00,0.75,13.00,4.00,0.765,10.00,1.00,6.00,3.00,2.00,2.00,1.00,3.00,1128.00,1014.00,66.4,59.6,1647.00,1451.00,68.6,60.5,608.00,1266.00,0.48,204.00,535.00,0.381,227.00,278.00,0.817,24.08,116.3,12,92.3,33,60.1,357,0.046,83,12.02,53,0.28,210,109.6,30,97.6,84,First Round,1,Virginia,4,58,,,78,51,Ohio,MAC,23.00,16.00,7.00,0.696,9.00,5.00,0.643,8.00,3.00,4.00,4.00,4.00,0.00,0.00,1.00,1101.00,1064.00,78.6,76,1860.00,1685.00,80.9,73.3,686.00,1403.00,0.489,195.00,540.00,0.361,293.00,418.00,0.701,12.54,113.7,29,101.2,174,69.3,131,0.027,113,4.23,133,1.47,191,105.3,108,101.1,146,Ohio,13,8
,,78,2021,51,Ohio,1,MAC,23.00,16.00,7.00,0.696,9.00,5.00,0.643,8.00,3.00,4.00,4.00,4.00,0.00,0.00,1.00,1101.00,1064.00,78.6,76,1860.00,1685.00,80.9,73.3,686.00,1403.00,0.489,195.00,540.00,0.361,293.00,418.00,0.701,12.54,113.7,29,101.2,174,69.3,131,0.027,113,4.23,133,1.47,191,105.3,108,101.1,146,First Round,1,Ohio,13,62,15,4,11,16,Virginia,ACC,24.00,18.00,6.00,0.75,13.00,4.00,0.765,10.00,1.00,6.00,3.00,2.00,2.00,1.00,3.00,1128.00,1014.00,66.4,59.6,1647.00,1451.00,68.6,60.5,608.00,1266.00,0.48,204.00,535.00,0.381,227.00,278.00,0.817,24.08,116.3,12,92.3,33,60.1,357,0.046,83,12.02,53,0.28,210,109.6,30,97.6,84,Virginia,4,8
24,,14,2021,21,USC,0,Pac-12,29.00,22.00,7.00,0.759,15.00,5.00,0.75,13.00,2.00,7.00,3.00,2.00,2.00,1.00,1.00,1455.00,1287.00,72.8,64.4,2168.00,1888.00,74.8,65.1,788.00,1687.00,0.467,183.00,526.00,0.348,409.00,632.00,0.647,23.65,113.6,30,89.9,19,67.3,236,-0.006,194,11.13,64,5.03,128,108.1,57,97,70,First Round,1,USC,6,72,,,53,48,Drake,Missouri Valley,29.00,25.00,4.00,0.862,15.00,3.00,0.833,14.00,1.00,9.00,2.00,2.00,1.00,1.00,2.00,1331.00,1191.00,73.9,66.2,2245.00,1875.00,77.4,64.7,868.00,1757.00,0.494,204.00,552.00,0.37,305.00,428.00,0.713,16.07,114.6,19,98.6,120,66.8,265,0.095,21,2.18,157,-9.27,310,102.9,172,100.7,138,Drake,11,9
,,53,2021,48,Drake,0,Missouri Valley,29.00,25.00,4.00,0.862,15.00,3.00,0.833,14.00,1.00,9.00,2.00,2.00,1.00,1.00,2.00,1331.00,1191.00,73.9,66.2,2245.00,1875.00,77.4,64.7,868.00,1757.00,0.494,204.00,552.00,0.37,305.00,428.00,0.713,16.07,114.6,19,98.6,120,66.8,265,0.095,21,2.18,157,-9.27,310,102.9,172,100.7,138,First Round,1,Drake,11,56,24,,14,21,USC,Pac-12,29.00,22.00,7.00,0.759,15.00,5.00,0.75,13.00,2.00,7.00,3.00,2.00,2.00,1.00,1.00,1455.00,1287.00,72.8,64.4,2168.00,1888.00,74.8,65.1,788.00,1687.00,0.467,183.00,526.00,0.348,409.00,632.00,0.647,23.65,113.6,30,89.9,19,67.3,236,-0.006,194,11.13,64,5.03,128,108.1,57,97,70,USC,6,9
12,6,22,2021,12,Kansas,0,Big 12,28.00,20.00,8.00,0.714,12.00,6.00,0.667,13.00,1.00,4.00,6.00,2.00,1.00,8.00,6.00,1279.00,1164.00,71.1,64.7,2047.00,1841.00,73.1,65.8,737.00,1676.00,0.44,209.00,608.00,0.344,364.00,511.00,0.712,22.46,110.3,59,87.9,6,68.3,186,0.042,87,14.71,20,10.14,56,110,23,95.3,31,First Round,1,Kansas,3,93,,,110,58,Eastern Washington,Big Sky,23.00,16.00,7.00,0.696,12.00,3.00,0.8,7.00,2.00,6.00,5.00,3.00,0.00,0.00,0.00,1244.00,1086.00,82.9,72.4,1795.00,1597.00,78,69.4,638.00,1367.00,0.467,194.00,548.00,0.354,325.00,413.00,0.787,8.08,108.4,86,100.3,152,72.4,28,-0.081,323,-3.21,236,17.77,12,100.6,237,103.8,241,Eastern Washington,14,10
,,110,2021,58,Eastern Washington,1,Big Sky,23.00,16.00,7.00,0.696,12.00,3.00,0.8,7.00,2.00,6.00,5.00,3.00,0.00,0.00,0.00,1244.00,1086.00,82.9,72.4,1795.00,1597.00,78,69.4,638.00,1367.00,0.467,194.00,548.00,0.354,325.00,413.00,0.787,8.08,108.4,86,100.3,152,72.4,28,-0.081,323,-3.21,236,17.77,12,100.6,237,103.8,241,First Round,1,Eastern Washington,14,84,12,6,22,12,Kansas,Big 12,28.00,20.00,8.00,0.714,12.00,6.00,0.667,13.00,1.00,4.00,6.00,2.00,1.00,8.00,6.00,1279.00,1164.00,71.1,64.7,2047.00,1841.00,73.1,65.8,737.00,1676.00,0.44,209.00,608.00,0.344,364.00,511.00,0.712,22.46,110.3,59,87.9,6,68.3,186,0.042,87,14.71,20,10.14,56,110,23,95.3,31,Kansas,3,10
8,5,5,2021,7,Iowa,0,Big Ten,29.00,21.00,8.00,0.724,14.00,6.00,0.7,14.00,2.00,6.00,4.00,1.00,2.00,8.00,5.00,1605.00,1437.00,80.3,71.9,2429.00,2086.00,83.8,71.9,863.00,1839.00,0.469,283.00,733.00,0.386,420.00,589.00,0.713,30.33,124.2,2,93.9,50,70,99,-0.028,240,16.91,13,-5.43,286,110.3,19,93.4,6,First Round,1,Iowa,2,86,,,108,59,Grand Canyon,WAC,23.00,17.00,6.00,0.739,9.00,3.00,0.75,10.00,3.00,5.00,1.00,2.00,2.00,0.00,1.00,827.00,738.00,68.9,61.5,1738.00,1405.00,75.6,61.1,646.00,1314.00,0.492,156.00,470.00,0.332,290.00,423.00,0.686,8.41,104.2,142,95.8,74,65.5,314,-0.061,299,-4.01,255,0.68,201,100.3,245,104.3,270,Grand Canyon,15,11
,,108,2021,59,Grand Canyon,1,WAC,23.00,17.00,6.00,0.739,9.00,3.00,0.75,10.00,3.00,5.00,1.00,2.00,2.00,0.00,1.00,827.00,738.00,68.9,61.5,1738.00,1405.00,75.6,61.1,646.00,1314.00,0.492,156.00,470.00,0.332,290.00,423.00,0.686,8.41,104.2,142,95.8,74,65.5,314,-0.061,299,-4.01,255,0.68,201,100.3,245,104.3,270,First Round,1,Grand Canyon,15,74,8,5,5,7,Iowa,Big Ten,29.00,21.00,8.00,0.724,14.00,6.00,0.7,14.00,2.00,6.00,4.00,1.00,2.00,8.00,5.00,1605.00,1437.00,80.3,71.9,2429.00,2086.00,83.8,71.9,863.00,1839.00,0.469,283.00,733.00,0.386,420.00,589.00,0.713,30.33,124.2,2,93.9,50,70,99,-0.028,240,16.91,13,-5.43,286,110.3,19,93.4,6,Iowa,2,11
4,25,2,2021,4,Michigan,0,Big Ten,24.00,20.00,4.00,0.833,14.00,3.00,0.824,13.00,1.00,6.00,2.00,1.00,1.00,6.00,3.00,1252.00,1088.00,73.6,64,1830.00,1569.00,76.3,65.4,668.00,1382.00,0.483,181.00,468.00,0.387,311.00,400.00,0.778,32.22,120.1,6,87.9,7,66.8,260,0.026,115,16.87,14,2.99,158,111.3,12,94.5,18,First Round,1,Michigan,1,82,,,229,66,Texas Southern,SWAC,24.00,16.00,8.00,0.667,10.00,3.00,0.769,8.00,2.00,5.00,6.00,3.00,0.00,0.00,0.00,976.00,876.00,75.1,67.4,1795.00,1672.00,74.8,69.7,650.00,1443.00,0.45,110.00,398.00,0.276,385.00,551.00,0.699,-4.63,99.7,236,104.3,236,72,41,0.055,61,-10.23,341,13.39,30,94,341,104.2,267,Texas Southern,16,12
,,229,2021,66,Texas Southern,1,SWAC,24.00,16.00,8.00,0.667,10.00,3.00,0.769,8.00,2.00,5.00,6.00,3.00,0.00,0.00,0.00,976.00,876.00,75.1,67.4,1795.00,1672.00,74.8,69.7,650.00,1443.00,0.45,110.00,398.00,0.276,385.00,551.00,0.699,-4.63,99.7,236,104.3,236,72,41,0.055,61,-10.23,341,13.39,30,94,341,104.2,267,First Round,1,Texas Southern,16,66,4,25,2,4,Michigan,Big Ten,24.00,20.00,4.00,0.833,14.00,3.00,0.824,13.00,1.00,6.00,2.00,1.00,1.00,6.00,3.00,1252.00,1088.00,73.6,64,1830.00,1569.00,76.3,65.4,668.00,1382.00,0.483,181.00,468.00,0.387,311.00,400.00,0.778,32.22,120.1,6,87.9,7,66.8,260,0.026,115,16.87,14,2.99,158,111.3,12,94.5,18,Michigan,1,12
,,29,2021,29,LSU,0,SEC,27.00,18.00,9.00,0.667,11.00,6.00,0.647,11.00,2.00,4.00,6.00,3.00,1.00,2.00,5.00,1382.00,1324.00,81.3,77.9,2217.00,2034.00,82.1,75.3,784.00,1692.00,0.463,220.00,628.00,0.35,429.00,575.00,0.746,21.02,120.5,5,99.4,125,70.8,78,0.002,167,13.5,37,0.56,204,107.8,65,94.3,14,First Round,1,LSU,8,76,,,25,39,St. Bonaventure,Atlantic 10,20.00,16.00,4.00,0.8,11.00,4.00,0.733,8.00,1.00,4.00,3.00,4.00,0.00,0.00,0.00,1032.00,887.00,68.8,59.1,1410.00,1207.00,70.5,60.4,521.00,1161.00,0.449,131.00,370.00,0.354,237.00,323.00,0.734,22.25,112,38,89.8,17,65.2,319,0.014,143,8.29,90,2.86,163,105.8,97,97.6,83,St. Bonaventure,9,13
,,25,2021,39,St. Bonaventure,1,Atlantic 10,20.00,16.00,4.00,0.8,11.00,4.00,0.733,8.00,1.00,4.00,3.00,4.00,0.00,0.00,0.00,1032.00,887.00,68.8,59.1,1410.00,1207.00,70.5,60.4,521.00,1161.00,0.449,131.00,370.00,0.354,237.00,323.00,0.734,22.25,112,38,89.8,17,65.2,319,0.014,143,8.29,90,2.86,163,105.8,97,97.6,83,First Round,1,St. Bonaventure,9,61,,,29,29,LSU,SEC,27.00,18.00,9.00,0.667,11.00,6.00,0.647,11.00,2.00,4.00,6.00,3.00,1.00,2.00,5.00,1382.00,1324.00,81.3,77.9,2217.00,2034.00,82.1,75.3,784.00,1692.00,0.463,220.00,628.00,0.35,429.00,575.00,0.746,21.02,120.5,5,99.4,125,70.8,78,0.002,167,13.5,37,0.56,204,107.8,65,94.3,14,LSU,8,13
22,,17,2021,20,Colorado,0,Pac-12,30.00,22.00,8.00,0.733,14.00,6.00,0.7,11.00,1.00,6.00,6.00,4.00,1.00,3.00,1.00,1445.00,1298.00,72.3,64.9,2191.00,1898.00,73,63.3,774.00,1704.00,0.454,224.00,611.00,0.367,419.00,510.00,0.822,23.11,115.1,17,92,29,66.4,280,-0.033,252,10.78,68,1.99,180,107.8,66,97,71,First Round,1,Colorado,5,96,,,55,47,Georgetown,Big East,25.00,13.00,12.00,0.52,7.00,9.00,0.438,7.00,6.00,2.00,6.00,4.00,0.00,3.00,4.00,1144.00,1199.00,71.5,74.9,1784.00,1767.00,71.4,70.7,621.00,1463.00,0.424,208.00,568.00,0.366,334.00,443.00,0.754,15.49,108.4,85,92.9,41,69.6,113,0.001,171,14.45,25,4.5,135,110.3,25,95.8,39,Georgetown,12,14
,,55,2021,47,Georgetown,1,Big East,25.00,13.00,12.00,0.52,7.00,9.00,0.438,7.00,6.00,2.00,6.00,4.00,0.00,3.00,4.00,1144.00,1199.00,71.5,74.9,1784.00,1767.00,71.4,70.7,621.00,1463.00,0.424,208.00,568.00,0.366,334.00,443.00,0.754,15.49,108.4,85,92.9,41,69.6,113,0.001,171,14.45,25,4.5,135,110.3,25,95.8,39,First Round,1,Georgetown,12,73,22,,17,20,Colorado,Pac-12,30.00,22.00,8.00,0.733,14.00,6.00,0.7,11.00,1.00,6.00,6.00,4.00,1.00,3.00,1.00,1445.00,1298.00,72.3,64.9,2191.00,1898.00,73,63.3,774.00,1704.00,0.454,224.00,611.00,0.367,419.00,510.00,0.822,23.11,115.1,17,92,29,66.4,280,-0.033,252,10.78,68,1.99,180,107.8,66,97,71,Colorado,5,14
14,21,15,2021,13,Florida State,0,ACC,22.00,16.00,6.00,0.727,11.00,4.00,0.733,12.00,1.00,3.00,4.00,1.00,1.00,2.00,0.00,1208.00,1060.00,80.5,70.7,1736.00,1547.00,78.9,70.3,620.00,1307.00,0.474,181.00,464.00,0.39,315.00,427.00,0.738,23.5,117.1,10,93.6,48,70.6,84,-0.011,207,12.54,44,4.23,142,108.8,46,96.2,45,First Round,1,Florida State,4,64,,,100,54,UNC Greensboro,Southern,29.00,21.00,8.00,0.724,13.00,5.00,0.722,7.00,3.00,10.00,3.00,4.00,2.00,0.00,0.00,1331.00,1213.00,73.9,67.4,2135.00,1956.00,73.6,67.4,803.00,1894.00,0.424,221.00,736.00,0.3,308.00,451.00,0.683,9.58,104.8,129,95.2,67,68.5,174,0.005,161,0.74,169,-2.77,252,103.2,162,102.5,192,UNC Greensboro,13,15
,,100,2021,54,UNC Greensboro,1,Southern,29.00,21.00,8.00,0.724,13.00,5.00,0.722,7.00,3.00,10.00,3.00,4.00,2.00,0.00,0.00,1331.00,1213.00,73.9,67.4,2135.00,1956.00,73.6,67.4,803.00,1894.00,0.424,221.00,736.00,0.3,308.00,451.00,0.683,9.58,104.8,129,95.2,67,68.5,174,0.005,161,0.74,169,-2.77,252,103.2,162,102.5,192,First Round,1,UNC Greensboro,13,54,14,21,15,13,Florida State,ACC,22.00,16.00,6.00,0.727,11.00,4.00,0.733,12.00,1.00,3.00,4.00,1.00,1.00,2.00,0.00,1208.00,1060.00,80.5,70.7,1736.00,1547.00,78.9,70.3,620.00,1307.00,0.474,181.00,464.00,0.39,315.00,427.00,0.738,23.5,117.1,10,93.6,48,70.6,84,-0.011,207,12.54,44,4.23,142,108.8,46,96.2,45,Florida State,4,15
23,,24,2021,23,BYU,0,WCC,26.00,20.00,6.00,0.769,10.00,3.00,0.769,10.00,2.00,7.00,2.00,2.00,2.00,1.00,3.00,1019.00,874.00,78.4,67.2,2047.00,1780.00,78.7,68.5,751.00,1557.00,0.482,233.00,616.00,0.378,312.00,427.00,0.731,22.37,113.8,28,91.4,26,68,199,0.045,84,10.28,73,8.69,73,107.8,64,97.5,82,First Round,1,BYU,6,62,,22,44,44,UCLA,Pac-12,26.00,17.00,9.00,0.654,13.00,6.00,0.684,11.00,1.00,5.00,5.00,1.00,2.00,0.00,1.00,1350.00,1282.00,71.1,67.5,1894.00,1781.00,72.8,68.5,686.00,1485.00,0.462,173.00,471.00,0.367,349.00,484.00,0.721,17.35,114.1,26,96.8,86,64.7,332,0.024,119,11.87,55,9.09,68,108.6,50,96.7,61,UCLA,11,16
,22,44,2021,44,UCLA,0,Pac-12,26.00,17.00,9.00,0.654,13.00,6.00,0.684,11.00,1.00,5.00,5.00,1.00,2.00,0.00,1.00,1350.00,1282.00,71.1,67.5,1894.00,1781.00,72.8,68.5,686.00,1485.00,0.462,173.00,471.00,0.367,349.00,484.00,0.721,17.35,114.1,26,96.8,86,64.7,332,0.024,119,11.87,55,9.09,68,108.6,50,96.7,61,First Round,1,UCLA,11,73,23,,24,23,BYU,WCC,26.00,20.00,6.00,0.769,10.00,3.00,0.769,10.00,2.00,7.00,2.00,2.00,2.00,1.00,3.00,1019.00,874.00,78.4,67.2,2047.00,1780.00,78.7,68.5,751.00,1557.00,0.482,233.00,616.00,0.378,312.00,427.00,0.731,22.37,113.8,28,91.4,26,68,199,0.045,84,10.28,73,8.69,73,107.8,64,97.5,82,BYU,6,16
9,19,26,2021,11,Texas,1,Big 12,26.00,19.00,7.00,0.731,11.00,6.00,0.647,8.00,5.00,6.00,2.00,5.00,0.00,7.00,6.00,1277.00,1211.00,75.1,71.2,1956.00,1789.00,75.2,68.8,684.00,1507.00,0.454,225.00,632.00,0.356,363.00,513.00,0.708,22.01,114.5,21,92.5,36,69.2,137,0.017,140,14.05,30,8.32,80,109,41,94.9,23,First Round,1,Texas,3,52,,,86,55,Abilene Christian,Southland,27.00,23.00,4.00,0.852,13.00,2.00,0.867,13.00,0.00,5.00,4.00,5.00,0.00,0.00,1.00,1178.00,943.00,78.5,62.9,2096.00,1634.00,77.6,60.5,749.00,1628.00,0.46,214.00,606.00,0.353,384.00,571.00,0.673,11.56,103.7,157,92.2,30,70,101,-0.027,238,-8.15,331,4.29,138,97.6,318,105.8,329,Abilene Christian,14,17
,,86,2021,55,Abilene Christian,1,Southland,27.00,23.00,4.00,0.852,13.00,2.00,0.867,13.00,0.00,5.00,4.00,5.00,0.00,0.00,1.00,1178.00,943.00,78.5,62.9,2096.00,1634.00,77.6,60.5,749.00,1628.00,0.46,214.00,606.00,0.353,384.00,571.00,0.673,11.56,103.7,157,92.2,30,70,101,-0.027,238,-8.15,331,4.29,138,97.6,318,105.8,329,First Round,1,Abilene Christian,14,53,9,19,26,11,Texas,Big 12,26.00,19.00,7.00,0.731,11.00,6.00,0.647,8.00,5.00,6.00,2.00,5.00,0.00,7.00,6.00,1277.00,1211.00,75.1,71.2,1956.00,1789.00,75.2,68.8,684.00,1507.00,0.454,225.00,632.00,0.356,363.00,513.00,0.708,22.01,114.5,21,92.5,36,69.2,137,0.017,140,14.05,30,8.32,80,109,41,94.9,23,Texas,3,17
,,16,2021,26,UConn,0,Big East,22.00,15.00,7.00,0.682,11.00,6.00,0.647,7.00,3.00,6.00,3.00,2.00,1.00,0.00,4.00,1214.00,1113.00,71.4,65.5,1596.00,1422.00,72.5,64.6,581.00,1323.00,0.439,148.00,440.00,0.336,286.00,391.00,0.731,23.33,114.3,24,90.9,25,66,301,-0.066,307,12.6,42,-2.02,243,107.9,62,95.3,28,First Round,1,UConn,7,54,,,31,36,Maryland,Big Ten,29.00,16.00,13.00,0.552,9.00,11.00,0.45,11.00,6.00,4.00,6.00,1.00,1.00,4.00,7.00,1290.00,1315.00,64.5,65.8,1995.00,1884.00,68.8,65,699.00,1533.00,0.456,234.00,663.00,0.353,363.00,517.00,0.702,20.15,111.6,42,91.5,27,65.3,317,-0.035,253,17.06,12,-0.8,225,110.1,22,93.1,4,Maryland,10,18
,,31,2021,36,Maryland,0,Big Ten,29.00,16.00,13.00,0.552,9.00,11.00,0.45,11.00,6.00,4.00,6.00,1.00,1.00,4.00,7.00,1290.00,1315.00,64.5,65.8,1995.00,1884.00,68.8,65,699.00,1533.00,0.456,234.00,663.00,0.353,363.00,517.00,0.702,20.15,111.6,42,91.5,27,65.3,317,-0.035,253,17.06,12,-0.8,225,110.1,22,93.1,4,First Round,1,Maryland,10,63,,,16,26,UConn,Big East,22.00,15.00,7.00,0.682,11.00,6.00,0.647,7.00,3.00,6.00,3.00,2.00,1.00,0.00,4.00,1214.00,1113.00,71.4,65.5,1596.00,1422.00,72.5,64.6,581.00,1323.00,0.439,148.00,440.00,0.336,286.00,391.00,0.731,23.33,114.3,24,90.9,25,66,301,-0.066,307,12.6,42,-2.02,243,107.9,62,95.3,28,UConn,7,18
5,,8,2021,5,Alabama,1,SEC,30.00,24.00,6.00,0.8,16.00,2.00,0.889,12.00,1.00,7.00,3.00,5.00,2.00,1.00,3.00,1474.00,1262.00,81.9,70.1,2387.00,2093.00,79.6,69.8,834.00,1937.00,0.431,320.00,912.00,0.351,399.00,554.00,0.72,26.42,112.4,34,86,2,73.9,9,0.031,107,14.2,27,8.88,70,109.7,28,95.5,32,First Round,1,Alabama,2,68,,,181,62,Iona,MAAC,17.00,12.00,5.00,0.706,6.00,3.00,0.667,4.00,2.00,4.00,3.00,4.00,0.00,0.00,0.00,668.00,598.00,74.2,66.4,1228.00,1121.00,72.2,65.9,423.00,951.00,0.445,127.00,358.00,0.355,255.00,343.00,0.743,0.39,101.1,210,100.7,161,68.3,184,0.038,92,-7.05,319,-0.41,217,97.4,321,104.4,278,Iona,15,19
,,181,2021,62,Iona,1,MAAC,17.00,12.00,5.00,0.706,6.00,3.00,0.667,4.00,2.00,4.00,3.00,4.00,0.00,0.00,0.00,668.00,598.00,74.2,66.4,1228.00,1121.00,72.2,65.9,423.00,951.00,0.445,127.00,358.00,0.355,255.00,343.00,0.743,0.39,101.1,210,100.7,161,68.3,184,0.038,92,-7.05,319,-0.41,217,97.4,321,104.4,278,First Round,1,Iona,15,55,5,,8,5,Alabama,SEC,30.00,24.00,6.00,0.8,16.00,2.00,0.889,12.00,1.00,7.00,3.00,5.00,2.00,1.00,3.00,1474.00,1262.00,81.9,70.1,2387.00,2093.00,79.6,69.8,834.00,1937.00,0.431,320.00,912.00,0.351,399.00,554.00,0.72,26.42,112.4,34,86,2,73.9,9,0.031,107,14.2,27,8.88,70,109.7,28,95.5,32,Alabama,2,19
3,2,4,2021,2,Baylor,0,Big 12,24.00,22.00,2.00,0.917,13.00,1.00,0.929,11.00,0.00,7.00,1.00,4.00,1.00,7.00,2.00,1133.00,942.00,80.9,67.3,2025.00,1594.00,84.4,66.4,746.00,1513.00,0.493,248.00,593.00,0.418,285.00,409.00,0.697,30.93,124,3,93,44,68.4,179,0.05,69,9.57,78,-4.18,270,106.4,90,96.9,66,First Round,1,Baylor,1,79,,,192,64,Hartford,America East,23.00,15.00,8.00,0.652,8.00,6.00,0.571,9.00,1.00,6.00,6.00,0.00,1.00,0.00,1.00,897.00,867.00,64.1,61.9,1515.00,1455.00,65.9,63.3,543.00,1251.00,0.434,174.00,533.00,0.326,255.00,358.00,0.712,-1.3,98.2,254,99.5,127,66.7,269,0.078,32,-6.24,304,-0.13,213,98.2,309,104.4,276,Hartford,16,20
,,192,2021,64,Hartford,1,America East,23.00,15.00,8.00,0.652,8.00,6.00,0.571,9.00,1.00,6.00,6.00,0.00,1.00,0.00,1.00,897.00,867.00,64.1,61.9,1515.00,1455.00,65.9,63.3,543.00,1251.00,0.434,174.00,533.00,0.326,255.00,358.00,0.712,-1.3,98.2,254,99.5,127,66.7,269,0.078,32,-6.24,304,-0.13,213,98.2,309,104.4,276,First Round,1,Hartford,16,55,3,2,4,2,Baylor,Big 12,24.00,22.00,2.00,0.917,13.00,1.00,0.929,11.00,0.00,7.00,1.00,4.00,1.00,7.00,2.00,1133.00,942.00,80.9,67.3,2025.00,1594.00,84.4,66.4,746.00,1513.00,0.493,248.00,593.00,0.418,285.00,409.00,0.697,30.93,124,3,93,44,68.4,179,0.05,69,9.57,78,-4.18,270,106.4,90,96.9,66,Baylor,1,20
,16,28,2021,31,North Carolina,0,ACC,28.00,18.00,10.00,0.643,10.00,6.00,0.625,10.00,1.00,3.00,7.00,5.00,2.00,2.00,4.00,1200.00,1131.00,75,70.7,2119.00,1943.00,75.7,69.4,776.00,1761.00,0.441,157.00,496.00,0.317,410.00,614.00,0.668,21.52,110.8,53,89.3,15,71.8,45,-0.017,217,14.2,28,7.67,87,110.7,14,96.5,55,First Round,1,North Carolina,8,62,,7,10,35,Wisconsin,Big Ten,29.00,17.00,12.00,0.586,10.00,10.00,0.5,11.00,5.00,5.00,6.00,1.00,1.00,3.00,9.00,1336.00,1322.00,66.8,66.1,2019.00,1865.00,69.6,64.3,711.00,1690.00,0.421,248.00,690.00,0.359,349.00,455.00,0.767,24.08,113.2,32,89.1,13,64.9,326,-0.049,283,18.06,9,1.22,194,111.7,7,93.7,8,Wisconsin,9,66
,7,10,2021,35,Wisconsin,0,Big Ten,29.00,17.00,12.00,0.586,10.00,10.00,0.5,11.00,5.00,5.00,6.00,1.00,1.00,3.00,9.00,1336.00,1322.00,66.8,66.1,2019.00,1865.00,69.6,64.3,711.00,1690.00,0.421,248.00,690.00,0.359,349.00,455.00,0.767,24.08,113.2,32,89.1,13,64.9,326,-0.049,283,18.06,9,1.22,194,111.7,7,93.7,8,First Round,1,Wisconsin,9,85,,16,28,31,North Carolina,ACC,28.00,18.00,10.00,0.643,10.00,6.00,0.625,10.00,1.00,3.00,7.00,5.00,2.00,2.00,4.00,1200.00,1131.00,75,70.7,2119.00,1943.00,75.7,69.4,776.00,1761.00,0.441,157.00,496.00,0.317,410.00,614.00,0.668,21.52,110.8,53,89.3,15,71.8,45,-0.017,217,14.2,28,7.67,87,110.7,14,96.5,55,North Carolina,8,66
18,3,12,2021,18,Villanova,0,Big East,22.00,16.00,6.00,0.727,11.00,4.00,0.733,9.00,0.00,4.00,4.00,3.00,2.00,3.00,1.00,1116.00,998.00,74.4,66.5,1662.00,1477.00,75.5,67.1,581.00,1291.00,0.45,203.00,576.00,0.352,297.00,388.00,0.765,24.05,119.3,9,95.3,68,65.1,320,-0.006,196,12.99,41,7.33,91,108.8,44,95.9,41,First Round,1,Villanova,5,73,,,91,49,Winthrop,Big South,24.00,23.00,1.00,0.958,17.00,1.00,0.944,11.00,1.00,10.00,0.00,2.00,0.00,0.00,0.00,1422.00,1222.00,79,67.9,1909.00,1603.00,79.5,66.8,674.00,1463.00,0.461,203.00,575.00,0.353,358.00,522.00,0.686,10.37,105.8,120,95.4,70,73.6,11,0.032,103,-6.45,309,3.95,147,98.8,289,105.3,316,Winthrop,12,21
,,91,2021,49,Winthrop,1,Big South,24.00,23.00,1.00,0.958,17.00,1.00,0.944,11.00,1.00,10.00,0.00,2.00,0.00,0.00,0.00,1422.00,1222.00,79,67.9,1909.00,1603.00,79.5,66.8,674.00,1463.00,0.461,203.00,575.00,0.353,358.00,522.00,0.686,10.37,105.8,120,95.4,70,73.6,11,0.032,103,-6.45,309,3.95,147,98.8,289,105.3,316,First Round,1,Winthrop,12,63,18,3,12,18,Villanova,Big East,22.00,16.00,6.00,0.727,11.00,4.00,0.733,9.00,0.00,4.00,4.00,3.00,2.00,3.00,1.00,1116.00,998.00,74.4,66.5,1662.00,1477.00,75.5,67.1,581.00,1291.00,0.45,203.00,576.00,0.352,297.00,388.00,0.765,24.05,119.3,9,95.3,68,65.1,320,-0.006,196,12.99,41,7.33,91,108.8,44,95.9,41,Villanova,5,21
20,,13,2021,14,Purdue,0,Big Ten,27.00,18.00,9.00,0.667,13.00,6.00,0.684,11.00,1.00,5.00,6.00,2.00,2.00,5.00,5.00,1312.00,1243.00,69.1,65.4,1920.00,1790.00,71.1,66.3,689.00,1527.00,0.451,192.00,573.00,0.335,350.00,492.00,0.711,23.7,114.3,23,90.6,23,66.5,274,0.019,131,17.27,11,5.71,114,111.5,11,94.2,12,First Round,1,Purdue,4,69,,,71,52,North Texas,C-USA,26.00,17.00,9.00,0.654,9.00,5.00,0.643,8.00,3.00,5.00,6.00,4.00,0.00,0.00,1.00,955.00,868.00,68.2,62,1815.00,1592.00,69.8,61.2,668.00,1405.00,0.475,197.00,524.00,0.376,282.00,384.00,0.734,13.13,106.1,119,92.9,42,63.1,350,-0.042,271,4.33,132,5.22,124,103.5,158,99.1,116,North Texas,13,22
,,71,2021,52,North Texas,1,C-USA,26.00,17.00,9.00,0.654,9.00,5.00,0.643,8.00,3.00,5.00,6.00,4.00,0.00,0.00,1.00,955.00,868.00,68.2,62,1815.00,1592.00,69.8,61.2,668.00,1405.00,0.475,197.00,524.00,0.376,282.00,384.00,0.734,13.13,106.1,119,92.9,42,63.1,350,-0.042,271,4.33,132,5.22,124,103.5,158,99.1,116,First Round,1,North Texas,13,78,20,,13,14,Purdue,Big Ten,27.00,18.00,9.00,0.667,13.00,6.00,0.684,11.00,1.00,5.00,6.00,2.00,2.00,5.00,5.00,1312.00,1243.00,69.1,65.4,1920.00,1790.00,71.1,66.3,689.00,1527.00,0.451,192.00,573.00,0.335,350.00,492.00,0.711,23.7,114.3,23,90.6,23,66.5,274,0.019,131,17.27,11,5.71,114,111.5,11,94.2,12,Purdue,4,22
21,14,23,2021,22,Texas Tech,0,Big 12,27.00,17.00,10.00,0.63,9.00,8.00,0.529,11.00,4.00,5.00,4.00,1.00,2.00,3.00,8.00,1224.00,1162.00,72,68.4,1972.00,1712.00,73,63.4,686.00,1549.00,0.443,168.00,485.00,0.346,432.00,608.00,0.711,22.38,113.1,33,90.7,24,65.4,316,-0.091,333,11.29,59,-5.55,288,108,60,96.7,60,First Round,1,Texas Tech,6,65,,,40,42,Utah State,Mountain West,28.00,20.00,8.00,0.714,15.00,4.00,0.789,10.00,2.00,5.00,3.00,5.00,4.00,0.00,1.00,1273.00,1061.00,74.9,62.4,2052.00,1743.00,73.3,62.3,751.00,1682.00,0.446,181.00,538.00,0.336,369.00,508.00,0.726,17.94,106.4,112,88.5,8,68.9,154,-0.032,248,5.13,119,7.49,88,104.8,122,99.7,127,Utah State,11,23
,,40,2021,42,Utah State,0,Mountain West,28.00,20.00,8.00,0.714,15.00,4.00,0.789,10.00,2.00,5.00,3.00,5.00,4.00,0.00,1.00,1273.00,1061.00,74.9,62.4,2052.00,1743.00,73.3,62.3,751.00,1682.00,0.446,181.00,538.00,0.336,369.00,508.00,0.726,17.94,106.4,112,88.5,8,68.9,154,-0.032,248,5.13,119,7.49,88,104.8,122,99.7,127,First Round,1,Utah State,11,53,21,14,23,22,Texas Tech,Big 12,27.00,17.00,10.00,0.63,9.00,8.00,0.529,11.00,4.00,5.00,4.00,1.00,2.00,3.00,8.00,1224.00,1162.00,72,68.4,1972.00,1712.00,73,63.4,686.00,1549.00,0.443,168.00,485.00,0.346,432.00,608.00,0.711,22.38,113.1,33,90.7,24,65.4,316,-0.091,333,11.29,59,-5.55,288,108,60,96.7,60,Texas Tech,6,23
10,,18,2021,9,Arkansas,0,SEC,28.00,22.00,6.00,0.786,13.00,4.00,0.765,16.00,1.00,5.00,4.00,1.00,1.00,2.00,2.00,1369.00,1263.00,80.5,74.3,2307.00,1979.00,82.4,70.7,825.00,1814.00,0.455,220.00,649.00,0.339,437.00,593.00,0.737,22.96,112.2,35,89.2,14,73.1,17,0.056,57,11.19,60,-5.28,282,108.2,56,97,69,First Round,1,Arkansas,3,85,,,84,57,Colgate,Patriot,15.00,14.00,1.00,0.933,11.00,1.00,0.917,8.00,1.00,6.00,0.00,0.00,0.00,0.00,0.00,1028.00,813.00,85.7,67.8,1295.00,1029.00,86.3,68.6,472.00,947.00,0.498,136.00,340.00,0.4,215.00,294.00,0.731,11.65,111.6,43,99.9,140,72.5,25,0.05,71,-6.6,313,-99,331,99.1,283,105.7,328,Colgate,14,24
,,84,2021,57,Colgate,1,Patriot,15.00,14.00,1.00,0.933,11.00,1.00,0.917,8.00,1.00,6.00,0.00,0.00,0.00,0.00,0.00,1028.00,813.00,85.7,67.8,1295.00,1029.00,86.3,68.6,472.00,947.00,0.498,136.00,340.00,0.4,215.00,294.00,0.731,11.65,111.6,43,99.9,140,72.5,25,0.05,71,-6.6,313,-99,331,99.1,283,105.7,328,First Round,1,Colgate,14,68,10,,18,9,Arkansas,SEC,28.00,22.00,6.00,0.786,13.00,4.00,0.765,16.00,1.00,5.00,4.00,1.00,1.00,2.00,2.00,1369.00,1263.00,80.5,74.3,2307.00,1979.00,82.4,70.7,825.00,1814.00,0.455,220.00,649.00,0.339,437.00,593.00,0.737,22.96,112.2,35,89.2,14,73.1,17,0.056,57,11.19,60,-5.28,282,108.2,56,97,69,Arkansas,3,24
,,37,2021,28,Florida  ,0,SEC,23.00,14.00,9.00,0.609,9.00,7.00,0.563,6.00,3.00,5.00,5.00,3.00,1.00,2.00,2.00,1158.00,1123.00,72.4,70.2,1701.00,1606.00,74,69.8,605.00,1303.00,0.464,157.00,440.00,0.357,334.00,441.00,0.757,18.98,111.7,40,92.7,37,68.7,165,0.003,166,14.62,23,8.64,76,109.7,27,95.1,25,First Round,1,Florida,7,75,25,,50,37,Virginia Tech,ACC,21.00,15.00,6.00,0.714,9.00,4.00,0.692,10.00,2.00,3.00,3.00,2.00,1.00,4.00,0.00,908.00,855.00,69.8,65.8,1515.00,1376.00,72.1,65.5,534.00,1183.00,0.451,173.00,485.00,0.357,274.00,393.00,0.697,16.65,110.7,55,94.1,54,66.2,293,0.066,45,9.31,80,0.54,206,107.6,71,98.2,104,Virginia Tech,10,25
25,,50,2021,37,Virginia Tech,0,ACC,21.00,15.00,6.00,0.714,9.00,4.00,0.692,10.00,2.00,3.00,3.00,2.00,1.00,4.00,0.00,908.00,855.00,69.8,65.8,1515.00,1376.00,72.1,65.5,534.00,1183.00,0.451,173.00,485.00,0.357,274.00,393.00,0.697,16.65,110.7,55,94.1,54,66.2,293,0.066,45,9.31,80,0.54,206,107.6,71,98.2,104,First Round,1,Virginia Tech,10,70,,,37,28,Florida  ,SEC,23.00,14.00,9.00,0.609,9.00,7.00,0.563,6.00,3.00,5.00,5.00,3.00,1.00,2.00,2.00,1158.00,1123.00,72.4,70.2,1701.00,1606.00,74,69.8,605.00,1303.00,0.464,157.00,440.00,0.357,334.00,441.00,0.757,18.98,111.7,40,92.7,37,68.7,165,0.003,166,14.62,23,8.64,76,109.7,27,95.1,25,Florida,7,25
7,23,7,2021,6,Ohio State,0,Big Ten,30.00,21.00,9.00,0.7,12.00,8.00,0.6,10.00,4.00,7.00,4.00,4.00,1.00,7.00,5.00,1519.00,1427.00,76,71.4,2320.00,2129.00,77.3,71,790.00,1719.00,0.46,247.00,677.00,0.365,493.00,646.00,0.763,26.85,123,4,96.1,79,67.1,247,0.003,163,18.78,5,2.86,162,111.7,8,92.9,3,First Round,1,Ohio State,2,72,,,152,61,Oral Roberts,Summit League,26.00,16.00,10.00,0.615,10.00,5.00,0.667,8.00,3.00,5.00,7.00,3.00,0.00,0.00,0.00,1222.00,1134.00,81.5,75.6,2126.00,1970.00,81.8,75.8,734.00,1617.00,0.454,294.00,754.00,0.39,364.00,442.00,0.824,2.64,109.4,74,106.7,285,71.8,47,0.013,147,0.01,177,21.34,4,102.9,173,102.8,206,Oral Roberts,15,26
,,152,2021,61,Oral Roberts,1,Summit League,26.00,16.00,10.00,0.615,10.00,5.00,0.667,8.00,3.00,5.00,7.00,3.00,0.00,0.00,0.00,1222.00,1134.00,81.5,75.6,2126.00,1970.00,81.8,75.8,734.00,1617.00,0.454,294.00,754.00,0.39,364.00,442.00,0.824,2.64,109.4,74,106.7,285,71.8,47,0.013,147,0.01,177,21.34,4,102.9,173,102.8,206,First Round,1,Oral Roberts,15,75,7,23,7,6,Ohio State,Big Ten,30.00,21.00,9.00,0.7,12.00,8.00,0.6,10.00,4.00,7.00,4.00,4.00,1.00,7.00,5.00,1519.00,1427.00,76,71.4,2320.00,2129.00,77.3,71,790.00,1719.00,0.46,247.00,677.00,0.365,493.00,646.00,0.763,26.85,123,4,96.1,79,67.1,247,0.003,163,18.78,5,2.86,162,111.7,8,92.9,3,Ohio State,2,26
2,8,3,2021,3,Illinois,1,Big Ten,29.00,23.00,6.00,0.793,16.00,4.00,0.8,11.00,2.00,9.00,3.00,3.00,0.00,8.00,3.00,1572.00,1377.00,78.6,68.9,2361.00,2008.00,81.4,69.2,851.00,1707.00,0.499,197.00,524.00,0.376,462.00,669.00,0.691,32.04,119.7,7,87.6,5,70.7,80,0.03,110,18.88,3,9.95,57,112.6,2,93.7,9,First Round,1,Illinois,1,78,,,146,63,Drexel,CAA,19.00,12.00,7.00,0.632,4.00,5.00,0.444,3.00,2.00,4.00,5.00,5.00,0.00,0.00,0.00,648.00,626.00,72,69.6,1358.00,1270.00,71.5,66.8,495.00,1038.00,0.477,138.00,371.00,0.372,230.00,296.00,0.777,3.05,107.8,95,104.8,247,64.2,340,-0.043,273,-3.31,238,-5.56,289,100.4,242,103.7,240,Drexel,16,27
,,146,2021,63,Drexel,1,CAA,19.00,12.00,7.00,0.632,4.00,5.00,0.444,3.00,2.00,4.00,5.00,5.00,0.00,0.00,0.00,648.00,626.00,72,69.6,1358.00,1270.00,71.5,66.8,495.00,1038.00,0.477,138.00,371.00,0.372,230.00,296.00,0.777,3.05,107.8,95,104.8,247,64.2,340,-0.043,273,-3.31,238,-5.56,289,100.4,242,103.7,240,First Round,1,Drexel,16,49,2,8,3,3,Illinois,Big Ten,29.00,23.00,6.00,0.793,16.00,4.00,0.8,11.00,2.00,9.00,3.00,3.00,0.00,8.00,3.00,1572.00,1377.00,78.6,68.9,2361.00,2008.00,81.4,69.2,851.00,1707.00,0.499,197.00,524.00,0.376,462.00,669.00,0.691,32.04,119.7,7,87.6,5,70.7,80,0.03,110,18.88,3,9.95,57,112.6,2,93.7,9,Illinois,1,27
17,,9,2021,30,Loyola-Chicago,1,Missouri Valley,28.00,24.00,4.00,0.857,16.00,2.00,0.889,13.00,0.00,8.00,3.00,3.00,1.00,0.00,1.00,1263.00,971.00,70.2,53.9,2002.00,1555.00,71.5,55.5,735.00,1456.00,0.505,201.00,546.00,0.368,331.00,458.00,0.723,25.18,111.1,49,85.9,1,64.2,342,-0.02,226,4.11,134,4.7,129,104.3,136,100.2,136,First Round,1,Loyola-Chicago,8,71,,,32,34,Georgia Tech,ACC,25.00,17.00,8.00,0.68,11.00,6.00,0.647,10.00,3.00,4.00,5.00,3.00,0.00,5.00,3.00,1220.00,1144.00,71.8,67.3,1888.00,1750.00,75.5,70,695.00,1466.00,0.474,189.00,541.00,0.349,309.00,425.00,0.727,19.98,114,27,94.1,52,67.8,215,-0.005,192,12.25,50,-0.99,228,108.7,47,96.5,51,Georgia Tech,9,28
,,32,2021,34,Georgia Tech,1,ACC,25.00,17.00,8.00,0.68,11.00,6.00,0.647,10.00,3.00,4.00,5.00,3.00,0.00,5.00,3.00,1220.00,1144.00,71.8,67.3,1888.00,1750.00,75.5,70,695.00,1466.00,0.474,189.00,541.00,0.349,309.00,425.00,0.727,19.98,114,27,94.1,52,67.8,215,-0.005,192,12.25,50,-0.99,228,108.7,47,96.5,51,First Round,1,Georgia Tech,9,60,17,,9,30,Loyola-Chicago,Missouri Valley,28.00,24.00,4.00,0.857,16.00,2.00,0.889,13.00,0.00,8.00,3.00,3.00,1.00,0.00,1.00,1263.00,971.00,70.2,53.9,2002.00,1555.00,71.5,55.5,735.00,1456.00,0.505,201.00,546.00,0.368,331.00,458.00,0.723,25.18,111.1,49,85.9,1,64.2,342,-0.02,226,4.11,134,4.7,129,104.3,136,100.2,136,Loyola-Chicago,8,28
,12,21,2021,19,Tennessee,0,SEC,26.00,18.00,8.00,0.692,10.00,7.00,0.588,13.00,3.00,4.00,4.00,1.00,1.00,2.00,2.00,1174.00,1128.00,69.1,66.4,1885.00,1644.00,72.5,63.2,661.00,1492.00,0.443,173.00,513.00,0.337,390.00,523.00,0.746,22.49,109.5,71,87,4,67.3,233,-0.007,199,12.44,49,-0.69,223,108.3,54,95.8,40,First Round,1,Tennessee,5,56,,,85,46,Oregon State,Pac-12,29.00,17.00,12.00,0.586,10.00,10.00,0.5,10.00,6.00,4.00,6.00,3.00,0.00,2.00,1.00,1337.00,1379.00,66.9,69,2049.00,1981.00,70.7,68.3,712.00,1638.00,0.435,203.00,575.00,0.353,422.00,557.00,0.758,11.6,110,65,98.4,117,65.4,315,0.075,38,11.16,62,-6.2,292,108.6,49,97.4,80,Oregon State,12,29
,,85,2021,46,Oregon State,1,Pac-12,29.00,17.00,12.00,0.586,10.00,10.00,0.5,10.00,6.00,4.00,6.00,3.00,0.00,2.00,1.00,1337.00,1379.00,66.9,69,2049.00,1981.00,70.7,68.3,712.00,1638.00,0.435,203.00,575.00,0.353,422.00,557.00,0.758,11.6,110,65,98.4,117,65.4,315,0.075,38,11.16,62,-6.2,292,108.6,49,97.4,80,First Round,1,Oregon State,12,70,,12,21,19,Tennessee,SEC,26.00,18.00,8.00,0.692,10.00,7.00,0.588,13.00,3.00,4.00,4.00,1.00,1.00,2.00,2.00,1174.00,1128.00,69.1,66.4,1885.00,1644.00,72.5,63.2,661.00,1492.00,0.443,173.00,513.00,0.337,390.00,523.00,0.746,22.49,109.5,71,87,4,67.3,233,-0.007,199,12.44,49,-0.69,223,108.3,54,95.8,40,Tennessee,5,29
11,,30,2021,15,Oklahoma State,0,Big 12,28.00,20.00,8.00,0.714,11.00,7.00,0.611,10.00,3.00,8.00,4.00,2.00,1.00,9.00,5.00,1372.00,1322.00,76.2,73.4,2158.00,2041.00,77.1,72.9,775.00,1658.00,0.467,179.00,529.00,0.338,429.00,602.00,0.713,20.2,110.8,54,90.6,22,72,43,0.039,89,14.63,22,4.55,134,110.6,16,96,42,First Round,1,Oklahoma State,4,69,,,97,53,Liberty,Atlantic Sun,28.00,23.00,5.00,0.821,11.00,2.00,0.846,13.00,0.00,5.00,3.00,5.00,2.00,0.00,0.00,926.00,779.00,71.2,59.9,2097.00,1670.00,74.9,59.6,761.00,1549.00,0.491,289.00,740.00,0.391,286.00,368.00,0.777,9.8,110.8,52,101,168,63.1,348,-0.013,211,-6.63,314,1.17,195,98.5,299,105.1,310,Liberty,13,30
,,97,2021,53,Liberty,1,Atlantic Sun,28.00,23.00,5.00,0.821,11.00,2.00,0.846,13.00,0.00,5.00,3.00,5.00,2.00,0.00,0.00,926.00,779.00,71.2,59.9,2097.00,1670.00,74.9,59.6,761.00,1549.00,0.491,289.00,740.00,0.391,286.00,368.00,0.777,9.8,110.8,52,101,168,63.1,348,-0.013,211,-6.63,314,1.17,195,98.5,299,105.1,310,First Round,1,Liberty,13,60,11,,30,15,Oklahoma State,Big 12,28.00,20.00,8.00,0.714,11.00,7.00,0.611,10.00,3.00,8.00,4.00,2.00,1.00,9.00,5.00,1372.00,1322.00,76.2,73.4,2158.00,2041.00,77.1,72.9,775.00,1658.00,0.467,179.00,529.00,0.338,429.00,602.00,0.713,20.2,110.8,54,90.6,22,72,43,0.039,89,14.63,22,4.55,134,110.6,16,96,42,Oklahoma State,4,30
16,,20,2021,24,San Diego State,1,Mountain West,27.00,23.00,4.00,0.852,14.00,3.00,0.824,13.00,2.00,6.00,2.00,4.00,0.00,2.00,0.00,1272.00,1036.00,74.8,60.9,2000.00,1635.00,74.1,60.6,695.00,1529.00,0.455,229.00,611.00,0.375,381.00,527.00,0.723,22.72,111.5,44,88.8,11,66.1,298,0.018,134,6.26,109,10.85,49,105.7,102,99.4,121,First Round,1,San Diego State,6,62,,,41,41,Syracuse,ACC,25.00,16.00,9.00,0.64,9.00,7.00,0.563,13.00,1.00,2.00,7.00,1.00,1.00,1.00,3.00,1179.00,1147.00,73.7,71.7,1896.00,1768.00,75.8,70.7,676.00,1533.00,0.441,203.00,598.00,0.339,341.00,435.00,0.784,17.66,114.5,22,96.9,89,69.2,138,0.017,137,11.66,57,2.46,171,108.5,51,96.8,64,Syracuse,11,31
,,41,2021,41,Syracuse,0,ACC,25.00,16.00,9.00,0.64,9.00,7.00,0.563,13.00,1.00,2.00,7.00,1.00,1.00,1.00,3.00,1179.00,1147.00,73.7,71.7,1896.00,1768.00,75.8,70.7,676.00,1533.00,0.441,203.00,598.00,0.339,341.00,435.00,0.784,17.66,114.5,22,96.9,89,69.2,138,0.017,137,11.66,57,2.46,171,108.5,51,96.8,64,First Round,1,Syracuse,11,78,16,,20,24,San Diego State,Mountain West,27.00,23.00,4.00,0.852,14.00,3.00,0.824,13.00,2.00,6.00,2.00,4.00,0.00,2.00,0.00,1272.00,1036.00,74.8,60.9,2000.00,1635.00,74.1,60.6,695.00,1529.00,0.455,229.00,611.00,0.375,381.00,527.00,0.723,22.72,111.5,44,88.8,11,66.1,298,0.018,134,6.26,109,10.85,49,105.7,102,99.4,121,San Diego State,6,31
13,15,27,2021,10,West Virginia,0,Big 12,27.00,18.00,9.00,0.667,11.00,6.00,0.647,8.00,5.00,7.00,2.00,3.00,2.00,5.00,7.00,1327.00,1259.00,78.1,74.1,2087.00,1947.00,77.3,72.1,711.00,1660.00,0.428,196.00,549.00,0.357,469.00,654.00,0.717,21.75,116.8,11,95.1,65,69.6,114,-0.04,264,14.84,19,13.58,27,109.2,37,94.4,17,First Round,1,West Virginia,3,84,,,128,56,Morehead State,Ohio Valley,30.00,23.00,7.00,0.767,17.00,3.00,0.85,12.00,1.00,8.00,5.00,3.00,1.00,0.00,2.00,1420.00,1236.00,71,61.8,2065.00,1902.00,68.8,63.4,738.00,1601.00,0.461,197.00,562.00,0.351,392.00,575.00,0.682,5.32,100.9,214,95.5,72,65.6,312,0.152,3,-1.99,217,16.33,14,101.4,216,103.4,230,Morehead State,14,32
,,128,2021,56,Morehead State,1,Ohio Valley,30.00,23.00,7.00,0.767,17.00,3.00,0.85,12.00,1.00,8.00,5.00,3.00,1.00,0.00,2.00,1420.00,1236.00,71,61.8,2065.00,1902.00,68.8,63.4,738.00,1601.00,0.461,197.00,562.00,0.351,392.00,575.00,0.682,5.32,100.9,214,95.5,72,65.6,312,0.152,3,-1.99,217,16.33,14,101.4,216,103.4,230,First Round,1,Morehead State,14,67,13,15,27,10,West Virginia,Big 12,27.00,18.00,9.00,0.667,11.00,6.00,0.647,8.00,5.00,7.00,2.00,3.00,2.00,5.00,7.00,1327.00,1259.00,78.1,74.1,2087.00,1947.00,77.3,72.1,711.00,1660.00,0.428,196.00,549.00,0.357,469.00,654.00,0.717,21.75,116.8,11,95.1,65,69.6,114,-0.04,264,14.84,19,13.58,27,109.2,37,94.4,17,West Virginia,3,32
,,42,2021,27,Clemson,0,ACC,23.00,16.00,7.00,0.696,10.00,6.00,0.625,11.00,1.00,2.00,5.00,3.00,1.00,2.00,1.00,1032.00,1051.00,64.5,65.7,1502.00,1426.00,65.3,62,541.00,1264.00,0.428,192.00,555.00,0.346,228.00,298.00,0.765,17.59,107.6,99,99,20,64.2,338,0.123,7,14.19,29,11.65,42,109.5,33,95.3,30,First Round,1,Clemson,7,56,,24,34,40,Rutgers,Big Ten,26.00,15.00,11.00,0.577,10.00,10.00,0.5,10.00,4.00,4.00,6.00,1.00,1.00,1.00,7.00,1359.00,1371.00,68,68.6,1819.00,1774.00,70,68.2,696.00,1544.00,0.451,157.00,505.00,0.311,270.00,427.00,0.632,19.57,109.3,75,89.8,18,67.8,213,0.032,104,18.2,7,-5.43,285,112.4,4,94.2,13,Rutgers,10,33
,24,34,2021,40,Rutgers,0,Big Ten,26.00,15.00,11.00,0.577,10.00,10.00,0.5,10.00,4.00,4.00,6.00,1.00,1.00,1.00,7.00,1359.00,1371.00,68,68.6,1819.00,1774.00,70,68.2,696.00,1544.00,0.451,157.00,505.00,0.311,270.00,427.00,0.632,19.57,109.3,75,89.8,18,67.8,213,0.032,104,18.2,7,-5.43,285,112.4,4,94.2,13,First Round,1,Rutgers,10,60,,,42,27,Clemson,ACC,23.00,16.00,7.00,0.696,10.00,6.00,0.625,11.00,1.00,2.00,5.00,3.00,1.00,2.00,1.00,1032.00,1051.00,64.5,65.7,1502.00,1426.00,65.3,62,541.00,1264.00,0.428,192.00,555.00,0.346,228.00,298.00,0.765,17.59,107.6,99,99,20,64.2,338,0.123,7,14.19,29,11.65,42,109.5,33,95.3,30,Clemson,7,33
6,17,6,2021,8,Houston,1,American,27.00,24.00,3.00,0.889,14.00,3.00,0.824,15.00,0.00,5.00,3.00,4.00,0.00,1.00,0.00,1273.00,1001.00,74.9,58.9,2096.00,1562.00,77.6,57.9,739.00,1664.00,0.444,252.00,699.00,0.361,366.00,494.00,0.741,30.25,119.6,8,89.4,16,64.9,327,-0.009,201,6.57,106,1.63,186,103.7,151,97.1,74,First Round,1,Houston,2,87,,,151,60,Cleveland State,Horizon,26.00,19.00,7.00,0.731,16.00,4.00,0.8,9.00,2.00,8.00,5.00,2.00,0.00,0.00,1.00,1431.00,1359.00,71.6,68,1858.00,1835.00,71.5,70.6,684.00,1514.00,0.452,166.00,520.00,0.319,324.00,484.00,0.669,2.8,101.5,199,98.7,121,66.3,282,0.19,1,-1.09,199,21.21,6,105,114,106.1,337,Cleveland State,15,34
,,151,2021,60,Cleveland State,1,Horizon,26.00,19.00,7.00,0.731,16.00,4.00,0.8,9.00,2.00,8.00,5.00,2.00,0.00,0.00,1.00,1431.00,1359.00,71.6,68,1858.00,1835.00,71.5,70.6,684.00,1514.00,0.452,166.00,520.00,0.319,324.00,484.00,0.669,2.8,101.5,199,98.7,121,66.3,282,0.19,1,-1.09,199,21.21,6,105,114,106.1,337,First Round,1,Cleveland State,15,56,6,17,6,8,Houston,American,27.00,24.00,3.00,0.889,14.00,3.00,0.824,15.00,0.00,5.00,3.00,4.00,0.00,1.00,0.00,1273.00,1001.00,74.9,58.9,2096.00,1562.00,77.6,57.9,739.00,1664.00,0.444,252.00,699.00,0.361,366.00,494.00,0.741,30.25,119.6,8,89.4,16,64.9,327,-0.009,201,6.57,106,1.63,186,103.7,151,97.1,74,Houston,2,34
1,1,1,2021,1,Gonzaga,1,WCC,26.00,26.00,0.00,1,15.00,0.00,1,12.00,0.00,7.00,0.00,7.00,0.00,4.00,0.00,1363.00,1002.00,90.9,66.8,2395.00,1797.00,92.1,69.1,888.00,1612.00,0.551,190.00,520.00,0.365,429.00,590.00,0.727,38.05,126.8,1,88.8,10,74.8,4,0.018,136,7.82,94,5.99,106,105.7,100,97.9,96,Second Round,2,Gonzaga,1,87,,,39,32,Oklahoma,Big 12,25.00,15.00,10.00,0.6,9.00,8.00,0.529,10.00,3.00,4.00,7.00,1.00,0.00,5.00,7.00,1232.00,1179.00,72.5,69.4,1869.00,1731.00,74.8,69.2,670.00,1517.00,0.442,200.00,591.00,0.338,329.00,442.00,0.744,18.07,112.1,36,94.1,53,67.7,222,-0.038,260,12.45,48,0.59,203,108.2,55,95.7,38,Oklahoma,8,35
,,39,2021,32,Oklahoma,0,Big 12,25.00,15.00,10.00,0.6,9.00,8.00,0.529,10.00,3.00,4.00,7.00,1.00,0.00,5.00,7.00,1232.00,1179.00,72.5,69.4,1869.00,1731.00,74.8,69.2,670.00,1517.00,0.442,200.00,591.00,0.338,329.00,442.00,0.744,18.07,112.1,36,94.1,53,67.7,222,-0.038,260,12.45,48,0.59,203,108.2,55,95.7,38,Second Round,2,Oklahoma,8,71,1,1,1,1,Gonzaga,WCC,26.00,26.00,0.00,1,15.00,0.00,1,12.00,0.00,7.00,0.00,7.00,0.00,4.00,0.00,1363.00,1002.00,90.9,66.8,2395.00,1797.00,92.1,69.1,888.00,1612.00,0.551,190.00,520.00,0.365,429.00,590.00,0.727,38.05,126.8,1,88.8,10,74.8,4,0.018,136,7.82,94,5.99,106,105.7,100,97.9,96,Gonzaga,1,35
19,11,19,2021,17,Creighton,0,Big East,28.00,20.00,8.00,0.714,14.00,6.00,0.7,11.00,3.00,7.00,4.00,2.00,1.00,3.00,2.00,1535.00,1397.00,76.8,69.9,2155.00,1912.00,77,68.3,797.00,1675.00,0.476,272.00,742.00,0.367,289.00,450.00,0.642,22.73,115.6,14,92.8,40,69.1,144,0.001,172,12.52,45,-1.4,233,107.8,63,95.3,29,Second Round,2,Creighton,5,72,,,78,51,Ohio,MAC,23.00,16.00,7.00,0.696,9.00,5.00,0.643,8.00,3.00,4.00,4.00,4.00,0.00,0.00,1.00,1101.00,1064.00,78.6,76,1860.00,1685.00,80.9,73.3,686.00,1403.00,0.489,195.00,540.00,0.361,293.00,418.00,0.701,12.54,113.7,29,101.2,174,69.3,131,0.027,113,4.23,133,1.47,191,105.3,108,101.1,146,Ohio,13,36
,,78,2021,51,Ohio,1,MAC,23.00,16.00,7.00,0.696,9.00,5.00,0.643,8.00,3.00,4.00,4.00,4.00,0.00,0.00,1.00,1101.00,1064.00,78.6,76,1860.00,1685.00,80.9,73.3,686.00,1403.00,0.489,195.00,540.00,0.361,293.00,418.00,0.701,12.54,113.7,29,101.2,174,69.3,131,0.027,113,4.23,133,1.47,191,105.3,108,101.1,146,Second Round,2,Ohio,13,58,19,11,19,17,Creighton,Big East,28.00,20.00,8.00,0.714,14.00,6.00,0.7,11.00,3.00,7.00,4.00,2.00,1.00,3.00,2.00,1535.00,1397.00,76.8,69.9,2155.00,1912.00,77,68.3,797.00,1675.00,0.476,272.00,742.00,0.367,289.00,450.00,0.642,22.73,115.6,14,92.8,40,69.1,144,0.001,172,12.52,45,-1.4,233,107.8,63,95.3,29,Creighton,5,36
24,,14,2021,21,USC,0,Pac-12,29.00,22.00,7.00,0.759,15.00,5.00,0.75,13.00,2.00,7.00,3.00,2.00,2.00,1.00,1.00,1455.00,1287.00,72.8,64.4,2168.00,1888.00,74.8,65.1,788.00,1687.00,0.467,183.00,526.00,0.348,409.00,632.00,0.647,23.65,113.6,30,89.9,19,67.3,236,-0.006,194,11.13,64,5.03,128,108.1,57,97,70,Second Round,2,USC,6,85,12,6,22,12,Kansas,Big 12,28.00,20.00,8.00,0.714,12.00,6.00,0.667,13.00,1.00,4.00,6.00,2.00,1.00,8.00,6.00,1279.00,1164.00,71.1,64.7,2047.00,1841.00,73.1,65.8,737.00,1676.00,0.44,209.00,608.00,0.344,364.00,511.00,0.712,22.46,110.3,59,87.9,6,68.3,186,0.042,87,14.71,20,10.14,56,110,23,95.3,31,Kansas,3,37
12,6,22,2021,12,Kansas,0,Big 12,28.00,20.00,8.00,0.714,12.00,6.00,0.667,13.00,1.00,4.00,6.00,2.00,1.00,8.00,6.00,1279.00,1164.00,71.1,64.7,2047.00,1841.00,73.1,65.8,737.00,1676.00,0.44,209.00,608.00,0.344,364.00,511.00,0.712,22.46,110.3,59,87.9,6,68.3,186,0.042,87,14.71,20,10.14,56,110,23,95.3,31,Second Round,2,Kansas,3,51,24,,14,21,USC,Pac-12,29.00,22.00,7.00,0.759,15.00,5.00,0.75,13.00,2.00,7.00,3.00,2.00,2.00,1.00,1.00,1455.00,1287.00,72.8,64.4,2168.00,1888.00,74.8,65.1,788.00,1687.00,0.467,183.00,526.00,0.348,409.00,632.00,0.647,23.65,113.6,30,89.9,19,67.3,236,-0.006,194,11.13,64,5.03,128,108.1,57,97,70,USC,6,37
,20,36,2021,25,Oregon,0,Pac-12,26.00,20.00,6.00,0.769,14.00,4.00,0.778,11.00,2.00,7.00,2.00,2.00,2.00,0.00,1.00,1311.00,1229.00,72.8,68.3,1934.00,1753.00,74.4,67.4,715.00,1515.00,0.472,218.00,575.00,0.379,286.00,406.00,0.704,19.11,115.1,16,96,76,67.2,242,0.048,76,10.06,75,2.73,164,107.7,68,97.6,89,Second Round,2,Oregon,7,95,8,5,5,7,Iowa,Big Ten,29.00,21.00,8.00,0.724,14.00,6.00,0.7,14.00,2.00,6.00,4.00,1.00,2.00,8.00,5.00,1605.00,1437.00,80.3,71.9,2429.00,2086.00,83.8,71.9,863.00,1839.00,0.469,283.00,733.00,0.386,420.00,589.00,0.713,30.33,124.2,2,93.9,50,70,99,-0.028,240,16.91,13,-5.43,286,110.3,19,93.4,6,Iowa,2,38
8,5,5,2021,7,Iowa,0,Big Ten,29.00,21.00,8.00,0.724,14.00,6.00,0.7,14.00,2.00,6.00,4.00,1.00,2.00,8.00,5.00,1605.00,1437.00,80.3,71.9,2429.00,2086.00,83.8,71.9,863.00,1839.00,0.469,283.00,733.00,0.386,420.00,589.00,0.713,30.33,124.2,2,93.9,50,70,99,-0.028,240,16.91,13,-5.43,286,110.3,19,93.4,6,Second Round,2,Iowa,2,80,,20,36,25,Oregon,Pac-12,26.00,20.00,6.00,0.769,14.00,4.00,0.778,11.00,2.00,7.00,2.00,2.00,2.00,0.00,1.00,1311.00,1229.00,72.8,68.3,1934.00,1753.00,74.4,67.4,715.00,1515.00,0.472,218.00,575.00,0.379,286.00,406.00,0.704,19.11,115.1,16,96,76,67.2,242,0.048,76,10.06,75,2.73,164,107.7,68,97.6,89,Oregon,7,38
4,25,2,2021,4,Michigan,0,Big Ten,24.00,20.00,4.00,0.833,14.00,3.00,0.824,13.00,1.00,6.00,2.00,1.00,1.00,6.00,3.00,1252.00,1088.00,73.6,64,1830.00,1569.00,76.3,65.4,668.00,1382.00,0.483,181.00,468.00,0.387,311.00,400.00,0.778,32.22,120.1,6,87.9,7,66.8,260,0.026,115,16.87,14,2.99,158,111.3,12,94.5,18,Second Round,2,Michigan,1,86,,,29,29,LSU,SEC,27.00,18.00,9.00,0.667,11.00,6.00,0.647,11.00,2.00,4.00,6.00,3.00,1.00,2.00,5.00,1382.00,1324.00,81.3,77.9,2217.00,2034.00,82.1,75.3,784.00,1692.00,0.463,220.00,628.00,0.35,429.00,575.00,0.746,21.02,120.5,5,99.4,125,70.8,78,0.002,167,13.5,37,0.56,204,107.8,65,94.3,14,LSU,8,39
,,29,2021,29,LSU,0,SEC,27.00,18.00,9.00,0.667,11.00,6.00,0.647,11.00,2.00,4.00,6.00,3.00,1.00,2.00,5.00,1382.00,1324.00,81.3,77.9,2217.00,2034.00,82.1,75.3,784.00,1692.00,0.463,220.00,628.00,0.35,429.00,575.00,0.746,21.02,120.5,5,99.4,125,70.8,78,0.002,167,13.5,37,0.56,204,107.8,65,94.3,14,Second Round,2,LSU,8,78,4,25,2,4,Michigan,Big Ten,24.00,20.00,4.00,0.833,14.00,3.00,0.824,13.00,1.00,6.00,2.00,1.00,1.00,6.00,3.00,1252.00,1088.00,73.6,64,1830.00,1569.00,76.3,65.4,668.00,1382.00,0.483,181.00,468.00,0.387,311.00,400.00,0.778,32.22,120.1,6,87.9,7,66.8,260,0.026,115,16.87,14,2.99,158,111.3,12,94.5,18,Michigan,1,39
22,,17,2021,20,Colorado,0,Pac-12,30.00,22.00,8.00,0.733,14.00,6.00,0.7,11.00,1.00,6.00,6.00,4.00,1.00,3.00,1.00,1445.00,1298.00,72.3,64.9,2191.00,1898.00,73,63.3,774.00,1704.00,0.454,224.00,611.00,0.367,419.00,510.00,0.822,23.11,115.1,17,92,29,66.4,280,-0.033,252,10.78,68,1.99,180,107.8,66,97,71,Second Round,2,Colorado,5,53,14,21,15,13,Florida State,ACC,22.00,16.00,6.00,0.727,11.00,4.00,0.733,12.00,1.00,3.00,4.00,1.00,1.00,2.00,0.00,1208.00,1060.00,80.5,70.7,1736.00,1547.00,78.9,70.3,620.00,1307.00,0.474,181.00,464.00,0.39,315.00,427.00,0.738,23.5,117.1,10,93.6,48,70.6,84,-0.011,207,12.54,44,4.23,142,108.8,46,96.2,45,Florida State,4,40
14,21,15,2021,13,Florida State,0,ACC,22.00,16.00,6.00,0.727,11.00,4.00,0.733,12.00,1.00,3.00,4.00,1.00,1.00,2.00,0.00,1208.00,1060.00,80.5,70.7,1736.00,1547.00,78.9,70.3,620.00,1307.00,0.474,181.00,464.00,0.39,315.00,427.00,0.738,23.5,117.1,10,93.6,48,70.6,84,-0.011,207,12.54,44,4.23,142,108.8,46,96.2,45,Second Round,2,Florida State,4,71,22,,17,20,Colorado,Pac-12,30.00,22.00,8.00,0.733,14.00,6.00,0.7,11.00,1.00,6.00,6.00,4.00,1.00,3.00,1.00,1445.00,1298.00,72.3,64.9,2191.00,1898.00,73,63.3,774.00,1704.00,0.454,224.00,611.00,0.367,419.00,510.00,0.822,23.11,115.1,17,92,29,66.4,280,-0.033,252,10.78,68,1.99,180,107.8,66,97,71,Colorado,5,40
,22,44,2021,44,UCLA,0,Pac-12,26.00,17.00,9.00,0.654,13.00,6.00,0.684,11.00,1.00,5.00,5.00,1.00,2.00,0.00,1.00,1350.00,1282.00,71.1,67.5,1894.00,1781.00,72.8,68.5,686.00,1485.00,0.462,173.00,471.00,0.367,349.00,484.00,0.721,17.35,114.1,26,96.8,86,64.7,332,0.024,119,11.87,55,9.09,68,108.6,50,96.7,61,Second Round,2,UCLA,11,67,,,86,55,Abilene Christian,Southland,27.00,23.00,4.00,0.852,13.00,2.00,0.867,13.00,0.00,5.00,4.00,5.00,0.00,0.00,1.00,1178.00,943.00,78.5,62.9,2096.00,1634.00,77.6,60.5,749.00,1628.00,0.46,214.00,606.00,0.353,384.00,571.00,0.673,11.56,103.7,157,92.2,30,70,101,-0.027,238,-8.15,331,4.29,138,97.6,318,105.8,329,Abilene Christian,14,41
,,86,2021,55,Abilene Christian,1,Southland,27.00,23.00,4.00,0.852,13.00,2.00,0.867,13.00,0.00,5.00,4.00,5.00,0.00,0.00,1.00,1178.00,943.00,78.5,62.9,2096.00,1634.00,77.6,60.5,749.00,1628.00,0.46,214.00,606.00,0.353,384.00,571.00,0.673,11.56,103.7,157,92.2,30,70,101,-0.027,238,-8.15,331,4.29,138,97.6,318,105.8,329,Second Round,2,Abilene Christian,14,47,,22,44,44,UCLA,Pac-12,26.00,17.00,9.00,0.654,13.00,6.00,0.684,11.00,1.00,5.00,5.00,1.00,2.00,0.00,1.00,1350.00,1282.00,71.1,67.5,1894.00,1781.00,72.8,68.5,686.00,1485.00,0.462,173.00,471.00,0.367,349.00,484.00,0.721,17.35,114.1,26,96.8,86,64.7,332,0.024,119,11.87,55,9.09,68,108.6,50,96.7,61,UCLA,11,41
,,31,2021,36,Maryland,0,Big Ten,29.00,16.00,13.00,0.552,9.00,11.00,0.45,11.00,6.00,4.00,6.00,1.00,1.00,4.00,7.00,1290.00,1315.00,64.5,65.8,1995.00,1884.00,68.8,65,699.00,1533.00,0.456,234.00,663.00,0.353,363.00,517.00,0.702,20.15,111.6,42,91.5,27,65.3,317,-0.035,253,17.06,12,-0.8,225,110.1,22,93.1,4,Second Round,2,Maryland,10,77,5,,8,5,Alabama,SEC,30.00,24.00,6.00,0.8,16.00,2.00,0.889,12.00,1.00,7.00,3.00,5.00,2.00,1.00,3.00,1474.00,1262.00,81.9,70.1,2387.00,2093.00,79.6,69.8,834.00,1937.00,0.431,320.00,912.00,0.351,399.00,554.00,0.72,26.42,112.4,34,86,2,73.9,9,0.031,107,14.2,27,8.88,70,109.7,28,95.5,32,Alabama,2,42
5,,8,2021,5,Alabama,1,SEC,30.00,24.00,6.00,0.8,16.00,2.00,0.889,12.00,1.00,7.00,3.00,5.00,2.00,1.00,3.00,1474.00,1262.00,81.9,70.1,2387.00,2093.00,79.6,69.8,834.00,1937.00,0.431,320.00,912.00,0.351,399.00,554.00,0.72,26.42,112.4,34,86,2,73.9,9,0.031,107,14.2,27,8.88,70,109.7,28,95.5,32,Second Round,2,Alabama,2,96,,,31,36,Maryland,Big Ten,29.00,16.00,13.00,0.552,9.00,11.00,0.45,11.00,6.00,4.00,6.00,1.00,1.00,4.00,7.00,1290.00,1315.00,64.5,65.8,1995.00,1884.00,68.8,65,699.00,1533.00,0.456,234.00,663.00,0.353,363.00,517.00,0.702,20.15,111.6,42,91.5,27,65.3,317,-0.035,253,17.06,12,-0.8,225,110.1,22,93.1,4,Maryland,10,42
3,2,4,2021,2,Baylor,0,Big 12,24.00,22.00,2.00,0.917,13.00,1.00,0.929,11.00,0.00,7.00,1.00,4.00,1.00,7.00,2.00,1133.00,942.00,80.9,67.3,2025.00,1594.00,84.4,66.4,746.00,1513.00,0.493,248.00,593.00,0.418,285.00,409.00,0.697,30.93,124,3,93,44,68.4,179,0.05,69,9.57,78,-4.18,270,106.4,90,96.9,66,Second Round,2,Baylor,1,76,,7,10,35,Wisconsin,Big Ten,29.00,17.00,12.00,0.586,10.00,10.00,0.5,11.00,5.00,5.00,6.00,1.00,1.00,3.00,9.00,1336.00,1322.00,66.8,66.1,2019.00,1865.00,69.6,64.3,711.00,1690.00,0.421,248.00,690.00,0.359,349.00,455.00,0.767,24.08,113.2,32,89.1,13,64.9,326,-0.049,283,18.06,9,1.22,194,111.7,7,93.7,8,Wisconsin,9,43
,7,10,2021,35,Wisconsin,0,Big Ten,29.00,17.00,12.00,0.586,10.00,10.00,0.5,11.00,5.00,5.00,6.00,1.00,1.00,3.00,9.00,1336.00,1322.00,66.8,66.1,2019.00,1865.00,69.6,64.3,711.00,1690.00,0.421,248.00,690.00,0.359,349.00,455.00,0.767,24.08,113.2,32,89.1,13,64.9,326,-0.049,283,18.06,9,1.22,194,111.7,7,93.7,8,Second Round,2,Wisconsin,9,63,3,2,4,2,Baylor,Big 12,24.00,22.00,2.00,0.917,13.00,1.00,0.929,11.00,0.00,7.00,1.00,4.00,1.00,7.00,2.00,1133.00,942.00,80.9,67.3,2025.00,1594.00,84.4,66.4,746.00,1513.00,0.493,248.00,593.00,0.418,285.00,409.00,0.697,30.93,124,3,93,44,68.4,179,0.05,69,9.57,78,-4.18,270,106.4,90,96.9,66,Baylor,1,43
18,3,12,2021,18,Villanova,0,Big East,22.00,16.00,6.00,0.727,11.00,4.00,0.733,9.00,0.00,4.00,4.00,3.00,2.00,3.00,1.00,1116.00,998.00,74.4,66.5,1662.00,1477.00,75.5,67.1,581.00,1291.00,0.45,203.00,576.00,0.352,297.00,388.00,0.765,24.05,119.3,9,95.3,68,65.1,320,-0.006,196,12.99,41,7.33,91,108.8,44,95.9,41,Second Round,2,Villanova,5,84,,,71,52,North Texas,C-USA,26.00,17.00,9.00,0.654,9.00,5.00,0.643,8.00,3.00,5.00,6.00,4.00,0.00,0.00,1.00,955.00,868.00,68.2,62,1815.00,1592.00,69.8,61.2,668.00,1405.00,0.475,197.00,524.00,0.376,282.00,384.00,0.734,13.13,106.1,119,92.9,42,63.1,350,-0.042,271,4.33,132,5.22,124,103.5,158,99.1,116,North Texas,13,44
,,71,2021,52,North Texas,1,C-USA,26.00,17.00,9.00,0.654,9.00,5.00,0.643,8.00,3.00,5.00,6.00,4.00,0.00,0.00,1.00,955.00,868.00,68.2,62,1815.00,1592.00,69.8,61.2,668.00,1405.00,0.475,197.00,524.00,0.376,282.00,384.00,0.734,13.13,106.1,119,92.9,42,63.1,350,-0.042,271,4.33,132,5.22,124,103.5,158,99.1,116,Second Round,2,North Texas,13,61,18,3,12,18,Villanova,Big East,22.00,16.00,6.00,0.727,11.00,4.00,0.733,9.00,0.00,4.00,4.00,3.00,2.00,3.00,1.00,1116.00,998.00,74.4,66.5,1662.00,1477.00,75.5,67.1,581.00,1291.00,0.45,203.00,576.00,0.352,297.00,388.00,0.765,24.05,119.3,9,95.3,68,65.1,320,-0.006,196,12.99,41,7.33,91,108.8,44,95.9,41,Villanova,5,44
21,14,23,2021,22,Texas Tech,0,Big 12,27.00,17.00,10.00,0.63,9.00,8.00,0.529,11.00,4.00,5.00,4.00,1.00,2.00,3.00,8.00,1224.00,1162.00,72,68.4,1972.00,1712.00,73,63.4,686.00,1549.00,0.443,168.00,485.00,0.346,432.00,608.00,0.711,22.38,113.1,33,90.7,24,65.4,316,-0.091,333,11.29,59,-5.55,288,108,60,96.7,60,Second Round,2,Texas Tech,6,66,10,,18,9,Arkansas,SEC,28.00,22.00,6.00,0.786,13.00,4.00,0.765,16.00,1.00,5.00,4.00,1.00,1.00,2.00,2.00,1369.00,1263.00,80.5,74.3,2307.00,1979.00,82.4,70.7,825.00,1814.00,0.455,220.00,649.00,0.339,437.00,593.00,0.737,22.96,112.2,35,89.2,14,73.1,17,0.056,57,11.19,60,-5.28,282,108.2,56,97,69,Arkansas,3,45
10,,18,2021,9,Arkansas,0,SEC,28.00,22.00,6.00,0.786,13.00,4.00,0.765,16.00,1.00,5.00,4.00,1.00,1.00,2.00,2.00,1369.00,1263.00,80.5,74.3,2307.00,1979.00,82.4,70.7,825.00,1814.00,0.455,220.00,649.00,0.339,437.00,593.00,0.737,22.96,112.2,35,89.2,14,73.1,17,0.056,57,11.19,60,-5.28,282,108.2,56,97,69,Second Round,2,Arkansas,3,68,21,14,23,22,Texas Tech,Big 12,27.00,17.00,10.00,0.63,9.00,8.00,0.529,11.00,4.00,5.00,4.00,1.00,2.00,3.00,8.00,1224.00,1162.00,72,68.4,1972.00,1712.00,73,63.4,686.00,1549.00,0.443,168.00,485.00,0.346,432.00,608.00,0.711,22.38,113.1,33,90.7,24,65.4,316,-0.091,333,11.29,59,-5.55,288,108,60,96.7,60,Texas Tech,6,45
,,37,2021,28,Florida  ,0,SEC,23.00,14.00,9.00,0.609,9.00,7.00,0.563,6.00,3.00,5.00,5.00,3.00,1.00,2.00,2.00,1158.00,1123.00,72.4,70.2,1701.00,1606.00,74,69.8,605.00,1303.00,0.464,157.00,440.00,0.357,334.00,441.00,0.757,18.98,111.7,40,92.7,37,68.7,165,0.003,166,14.62,23,8.64,76,109.7,27,95.1,25,Second Round,2,Florida,7,78,,,152,61,Oral Roberts,Summit League,26.00,16.00,10.00,0.615,10.00,5.00,0.667,8.00,3.00,5.00,7.00,3.00,0.00,0.00,0.00,1222.00,1134.00,81.5,75.6,2126.00,1970.00,81.8,75.8,734.00,1617.00,0.454,294.00,754.00,0.39,364.00,442.00,0.824,2.64,109.4,74,106.7,285,71.8,47,0.013,147,0.01,177,21.34,4,102.9,173,102.8,206,Oral Roberts,15,46
,,152,2021,61,Oral Roberts,1,Summit League,26.00,16.00,10.00,0.615,10.00,5.00,0.667,8.00,3.00,5.00,7.00,3.00,0.00,0.00,0.00,1222.00,1134.00,81.5,75.6,2126.00,1970.00,81.8,75.8,734.00,1617.00,0.454,294.00,754.00,0.39,364.00,442.00,0.824,2.64,109.4,74,106.7,285,71.8,47,0.013,147,0.01,177,21.34,4,102.9,173,102.8,206,Second Round,2,Oral Roberts,15,81,,,37,28,Florida  ,SEC,23.00,14.00,9.00,0.609,9.00,7.00,0.563,6.00,3.00,5.00,5.00,3.00,1.00,2.00,2.00,1158.00,1123.00,72.4,70.2,1701.00,1606.00,74,69.8,605.00,1303.00,0.464,157.00,440.00,0.357,334.00,441.00,0.757,18.98,111.7,40,92.7,37,68.7,165,0.003,166,14.62,23,8.64,76,109.7,27,95.1,25,Florida,7,46
2,8,3,2021,3,Illinois,1,Big Ten,29.00,23.00,6.00,0.793,16.00,4.00,0.8,11.00,2.00,9.00,3.00,3.00,0.00,8.00,3.00,1572.00,1377.00,78.6,68.9,2361.00,2008.00,81.4,69.2,851.00,1707.00,0.499,197.00,524.00,0.376,462.00,669.00,0.691,32.04,119.7,7,87.6,5,70.7,80,0.03,110,18.88,3,9.95,57,112.6,2,93.7,9,Second Round,2,Illinois,1,58,17,,9,30,Loyola-Chicago,Missouri Valley,28.00,24.00,4.00,0.857,16.00,2.00,0.889,13.00,0.00,8.00,3.00,3.00,1.00,0.00,1.00,1263.00,971.00,70.2,53.9,2002.00,1555.00,71.5,55.5,735.00,1456.00,0.505,201.00,546.00,0.368,331.00,458.00,0.723,25.18,111.1,49,85.9,1,64.2,342,-0.02,226,4.11,134,4.7,129,104.3,136,100.2,136,Loyola-Chicago,8,47
17,,9,2021,30,Loyola-Chicago,1,Missouri Valley,28.00,24.00,4.00,0.857,16.00,2.00,0.889,13.00,0.00,8.00,3.00,3.00,1.00,0.00,1.00,1263.00,971.00,70.2,53.9,2002.00,1555.00,71.5,55.5,735.00,1456.00,0.505,201.00,546.00,0.368,331.00,458.00,0.723,25.18,111.1,49,85.9,1,64.2,342,-0.02,226,4.11,134,4.7,129,104.3,136,100.2,136,Second Round,2,Loyola-Chicago,8,71,2,8,3,3,Illinois,Big Ten,29.00,23.00,6.00,0.793,16.00,4.00,0.8,11.00,2.00,9.00,3.00,3.00,0.00,8.00,3.00,1572.00,1377.00,78.6,68.9,2361.00,2008.00,81.4,69.2,851.00,1707.00,0.499,197.00,524.00,0.376,462.00,669.00,0.691,32.04,119.7,7,87.6,5,70.7,80,0.03,110,18.88,3,9.95,57,112.6,2,93.7,9,Illinois,1,47
,,85,2021,46,Oregon State,1,Pac-12,29.00,17.00,12.00,0.586,10.00,10.00,0.5,10.00,6.00,4.00,6.00,3.00,0.00,2.00,1.00,1337.00,1379.00,66.9,69,2049.00,1981.00,70.7,68.3,712.00,1638.00,0.435,203.00,575.00,0.353,422.00,557.00,0.758,11.6,110,65,98.4,117,65.4,315,0.075,38,11.16,62,-6.2,292,108.6,49,97.4,80,Second Round,2,Oregon State,12,80,11,,30,15,Oklahoma State,Big 12,28.00,20.00,8.00,0.714,11.00,7.00,0.611,10.00,3.00,8.00,4.00,2.00,1.00,9.00,5.00,1372.00,1322.00,76.2,73.4,2158.00,2041.00,77.1,72.9,775.00,1658.00,0.467,179.00,529.00,0.338,429.00,602.00,0.713,20.2,110.8,54,90.6,22,72,43,0.039,89,14.63,22,4.55,134,110.6,16,96,42,Oklahoma State,4,48
11,,30,2021,15,Oklahoma State,0,Big 12,28.00,20.00,8.00,0.714,11.00,7.00,0.611,10.00,3.00,8.00,4.00,2.00,1.00,9.00,5.00,1372.00,1322.00,76.2,73.4,2158.00,2041.00,77.1,72.9,775.00,1658.00,0.467,179.00,529.00,0.338,429.00,602.00,0.713,20.2,110.8,54,90.6,22,72,43,0.039,89,14.63,22,4.55,134,110.6,16,96,42,Second Round,2,Oklahoma State,4,70,,,85,46,Oregon State,Pac-12,29.00,17.00,12.00,0.586,10.00,10.00,0.5,10.00,6.00,4.00,6.00,3.00,0.00,2.00,1.00,1337.00,1379.00,66.9,69,2049.00,1981.00,70.7,68.3,712.00,1638.00,0.435,203.00,575.00,0.353,422.00,557.00,0.758,11.6,110,65,98.4,117,65.4,315,0.075,38,11.16,62,-6.2,292,108.6,49,97.4,80,Oregon State,12,48
,,41,2021,41,Syracuse,0,ACC,25.00,16.00,9.00,0.64,9.00,7.00,0.563,13.00,1.00,2.00,7.00,1.00,1.00,1.00,3.00,1179.00,1147.00,73.7,71.7,1896.00,1768.00,75.8,70.7,676.00,1533.00,0.441,203.00,598.00,0.339,341.00,435.00,0.784,17.66,114.5,22,96.9,89,69.2,138,0.017,137,11.66,57,2.46,171,108.5,51,96.8,64,Second Round,2,Syracuse,11,75,13,15,27,10,West Virginia,Big 12,27.00,18.00,9.00,0.667,11.00,6.00,0.647,8.00,5.00,7.00,2.00,3.00,2.00,5.00,7.00,1327.00,1259.00,78.1,74.1,2087.00,1947.00,77.3,72.1,711.00,1660.00,0.428,196.00,549.00,0.357,469.00,654.00,0.717,21.75,116.8,11,95.1,65,69.6,114,-0.04,264,14.84,19,13.58,27,109.2,37,94.4,17,West Virginia,3,49
13,15,27,2021,10,West Virginia,0,Big 12,27.00,18.00,9.00,0.667,11.00,6.00,0.647,8.00,5.00,7.00,2.00,3.00,2.00,5.00,7.00,1327.00,1259.00,78.1,74.1,2087.00,1947.00,77.3,72.1,711.00,1660.00,0.428,196.00,549.00,0.357,469.00,654.00,0.717,21.75,116.8,11,95.1,65,69.6,114,-0.04,264,14.84,19,13.58,27,109.2,37,94.4,17,Second Round,2,West Virginia,3,72,,,41,41,Syracuse,ACC,25.00,16.00,9.00,0.64,9.00,7.00,0.563,13.00,1.00,2.00,7.00,1.00,1.00,1.00,3.00,1179.00,1147.00,73.7,71.7,1896.00,1768.00,75.8,70.7,676.00,1533.00,0.441,203.00,598.00,0.339,341.00,435.00,0.784,17.66,114.5,22,96.9,89,69.2,138,0.017,137,11.66,57,2.46,171,108.5,51,96.8,64,Syracuse,11,49
,24,34,2021,40,Rutgers,0,Big Ten,26.00,15.00,11.00,0.577,10.00,10.00,0.5,10.00,4.00,4.00,6.00,1.00,1.00,1.00,7.00,1359.00,1371.00,68,68.6,1819.00,1774.00,70,68.2,696.00,1544.00,0.451,157.00,505.00,0.311,270.00,427.00,0.632,19.57,109.3,75,89.8,18,67.8,213,0.032,104,18.2,7,-5.43,285,112.4,4,94.2,13,Second Round,2,Rutgers,10,60,6,17,6,8,Houston,American,27.00,24.00,3.00,0.889,14.00,3.00,0.824,15.00,0.00,5.00,3.00,4.00,0.00,1.00,0.00,1273.00,1001.00,74.9,58.9,2096.00,1562.00,77.6,57.9,739.00,1664.00,0.444,252.00,699.00,0.361,366.00,494.00,0.741,30.25,119.6,8,89.4,16,64.9,327,-0.009,201,6.57,106,1.63,186,103.7,151,97.1,74,Houston,2,50
6,17,6,2021,8,Houston,1,American,27.00,24.00,3.00,0.889,14.00,3.00,0.824,15.00,0.00,5.00,3.00,4.00,0.00,1.00,0.00,1273.00,1001.00,74.9,58.9,2096.00,1562.00,77.6,57.9,739.00,1664.00,0.444,252.00,699.00,0.361,366.00,494.00,0.741,30.25,119.6,8,89.4,16,64.9,327,-0.009,201,6.57,106,1.63,186,103.7,151,97.1,74,Second Round,2,Houston,2,63,,24,34,40,Rutgers,Big Ten,26.00,15.00,11.00,0.577,10.00,10.00,0.5,10.00,4.00,4.00,6.00,1.00,1.00,1.00,7.00,1359.00,1371.00,68,68.6,1819.00,1774.00,70,68.2,696.00,1544.00,0.451,157.00,505.00,0.311,270.00,427.00,0.632,19.57,109.3,75,89.8,18,67.8,213,0.032,104,18.2,7,-5.43,285,112.4,4,94.2,13,Rutgers,10,50
1,1,1,2021,1,Gonzaga,1,WCC,26.00,26.00,0.00,1,15.00,0.00,1,12.00,0.00,7.00,0.00,7.00,0.00,4.00,0.00,1363.00,1002.00,90.9,66.8,2395.00,1797.00,92.1,69.1,888.00,1612.00,0.551,190.00,520.00,0.365,429.00,590.00,0.727,38.05,126.8,1,88.8,10,74.8,4,0.018,136,7.82,94,5.99,106,105.7,100,97.9,96,Sweet Sixteen,3,Gonzaga,1,83,19,11,19,17,Creighton,Big East,28.00,20.00,8.00,0.714,14.00,6.00,0.7,11.00,3.00,7.00,4.00,2.00,1.00,3.00,2.00,1535.00,1397.00,76.8,69.9,2155.00,1912.00,77,68.3,797.00,1675.00,0.476,272.00,742.00,0.367,289.00,450.00,0.642,22.73,115.6,14,92.8,40,69.1,144,0.001,172,12.52,45,-1.4,233,107.8,63,95.3,29,Creighton,5,51
19,11,19,2021,17,Creighton,0,Big East,28.00,20.00,8.00,0.714,14.00,6.00,0.7,11.00,3.00,7.00,4.00,2.00,1.00,3.00,2.00,1535.00,1397.00,76.8,69.9,2155.00,1912.00,77,68.3,797.00,1675.00,0.476,272.00,742.00,0.367,289.00,450.00,0.642,22.73,115.6,14,92.8,40,69.1,144,0.001,172,12.52,45,-1.4,233,107.8,63,95.3,29,Sweet Sixteen,3,Creighton,5,65,1,1,1,1,Gonzaga,WCC,26.00,26.00,0.00,1,15.00,0.00,1,12.00,0.00,7.00,0.00,7.00,0.00,4.00,0.00,1363.00,1002.00,90.9,66.8,2395.00,1797.00,92.1,69.1,888.00,1612.00,0.551,190.00,520.00,0.365,429.00,590.00,0.727,38.05,126.8,1,88.8,10,74.8,4,0.018,136,7.82,94,5.99,106,105.7,100,97.9,96,Gonzaga,1,51
24,,14,2021,21,USC,0,Pac-12,29.00,22.00,7.00,0.759,15.00,5.00,0.75,13.00,2.00,7.00,3.00,2.00,2.00,1.00,1.00,1455.00,1287.00,72.8,64.4,2168.00,1888.00,74.8,65.1,788.00,1687.00,0.467,183.00,526.00,0.348,409.00,632.00,0.647,23.65,113.6,30,89.9,19,67.3,236,-0.006,194,11.13,64,5.03,128,108.1,57,97,70,Sweet Sixteen,3,USC,6,82,,20,36,25,Oregon,Pac-12,26.00,20.00,6.00,0.769,14.00,4.00,0.778,11.00,2.00,7.00,2.00,2.00,2.00,0.00,1.00,1311.00,1229.00,72.8,68.3,1934.00,1753.00,74.4,67.4,715.00,1515.00,0.472,218.00,575.00,0.379,286.00,406.00,0.704,19.11,115.1,16,96,76,67.2,242,0.048,76,10.06,75,2.73,164,107.7,68,97.6,89,Oregon,7,52
,20,36,2021,25,Oregon,0,Pac-12,26.00,20.00,6.00,0.769,14.00,4.00,0.778,11.00,2.00,7.00,2.00,2.00,2.00,0.00,1.00,1311.00,1229.00,72.8,68.3,1934.00,1753.00,74.4,67.4,715.00,1515.00,0.472,218.00,575.00,0.379,286.00,406.00,0.704,19.11,115.1,16,96,76,67.2,242,0.048,76,10.06,75,2.73,164,107.7,68,97.6,89,Sweet Sixteen,3,Oregon,7,68,24,,14,21,USC,Pac-12,29.00,22.00,7.00,0.759,15.00,5.00,0.75,13.00,2.00,7.00,3.00,2.00,2.00,1.00,1.00,1455.00,1287.00,72.8,64.4,2168.00,1888.00,74.8,65.1,788.00,1687.00,0.467,183.00,526.00,0.348,409.00,632.00,0.647,23.65,113.6,30,89.9,19,67.3,236,-0.006,194,11.13,64,5.03,128,108.1,57,97,70,USC,6,52
4,25,2,2021,4,Michigan,0,Big Ten,24.00,20.00,4.00,0.833,14.00,3.00,0.824,13.00,1.00,6.00,2.00,1.00,1.00,6.00,3.00,1252.00,1088.00,73.6,64,1830.00,1569.00,76.3,65.4,668.00,1382.00,0.483,181.00,468.00,0.387,311.00,400.00,0.778,32.22,120.1,6,87.9,7,66.8,260,0.026,115,16.87,14,2.99,158,111.3,12,94.5,18,Sweet Sixteen,3,Michigan,1,76,14,21,15,13,Florida State,ACC,22.00,16.00,6.00,0.727,11.00,4.00,0.733,12.00,1.00,3.00,4.00,1.00,1.00,2.00,0.00,1208.00,1060.00,80.5,70.7,1736.00,1547.00,78.9,70.3,620.00,1307.00,0.474,181.00,464.00,0.39,315.00,427.00,0.738,23.5,117.1,10,93.6,48,70.6,84,-0.011,207,12.54,44,4.23,142,108.8,46,96.2,45,Florida State,4,53
14,21,15,2021,13,Florida State,0,ACC,22.00,16.00,6.00,0.727,11.00,4.00,0.733,12.00,1.00,3.00,4.00,1.00,1.00,2.00,0.00,1208.00,1060.00,80.5,70.7,1736.00,1547.00,78.9,70.3,620.00,1307.00,0.474,181.00,464.00,0.39,315.00,427.00,0.738,23.5,117.1,10,93.6,48,70.6,84,-0.011,207,12.54,44,4.23,142,108.8,46,96.2,45,Sweet Sixteen,3,Florida State,4,58,4,25,2,4,Michigan,Big Ten,24.00,20.00,4.00,0.833,14.00,3.00,0.824,13.00,1.00,6.00,2.00,1.00,1.00,6.00,3.00,1252.00,1088.00,73.6,64,1830.00,1569.00,76.3,65.4,668.00,1382.00,0.483,181.00,468.00,0.387,311.00,400.00,0.778,32.22,120.1,6,87.9,7,66.8,260,0.026,115,16.87,14,2.99,158,111.3,12,94.5,18,Michigan,1,53
,22,44,2021,44,UCLA,0,Pac-12,26.00,17.00,9.00,0.654,13.00,6.00,0.684,11.00,1.00,5.00,5.00,1.00,2.00,0.00,1.00,1350.00,1282.00,71.1,67.5,1894.00,1781.00,72.8,68.5,686.00,1485.00,0.462,173.00,471.00,0.367,349.00,484.00,0.721,17.35,114.1,26,96.8,86,64.7,332,0.024,119,11.87,55,9.09,68,108.6,50,96.7,61,Sweet Sixteen,3,UCLA,11,88,5,,8,5,Alabama,SEC,30.00,24.00,6.00,0.8,16.00,2.00,0.889,12.00,1.00,7.00,3.00,5.00,2.00,1.00,3.00,1474.00,1262.00,81.9,70.1,2387.00,2093.00,79.6,69.8,834.00,1937.00,0.431,320.00,912.00,0.351,399.00,554.00,0.72,26.42,112.4,34,86,2,73.9,9,0.031,107,14.2,27,8.88,70,109.7,28,95.5,32,Alabama,2,54
5,,8,2021,5,Alabama,1,SEC,30.00,24.00,6.00,0.8,16.00,2.00,0.889,12.00,1.00,7.00,3.00,5.00,2.00,1.00,3.00,1474.00,1262.00,81.9,70.1,2387.00,2093.00,79.6,69.8,834.00,1937.00,0.431,320.00,912.00,0.351,399.00,554.00,0.72,26.42,112.4,34,86,2,73.9,9,0.031,107,14.2,27,8.88,70,109.7,28,95.5,32,Sweet Sixteen,3,Alabama,2,78,,22,44,44,UCLA,Pac-12,26.00,17.00,9.00,0.654,13.00,6.00,0.684,11.00,1.00,5.00,5.00,1.00,2.00,0.00,1.00,1350.00,1282.00,71.1,67.5,1894.00,1781.00,72.8,68.5,686.00,1485.00,0.462,173.00,471.00,0.367,349.00,484.00,0.721,17.35,114.1,26,96.8,86,64.7,332,0.024,119,11.87,55,9.09,68,108.6,50,96.7,61,UCLA,11,54
3,2,4,2021,2,Baylor,0,Big 12,24.00,22.00,2.00,0.917,13.00,1.00,0.929,11.00,0.00,7.00,1.00,4.00,1.00,7.00,2.00,1133.00,942.00,80.9,67.3,2025.00,1594.00,84.4,66.4,746.00,1513.00,0.493,248.00,593.00,0.418,285.00,409.00,0.697,30.93,124,3,93,44,68.4,179,0.05,69,9.57,78,-4.18,270,106.4,90,96.9,66,Sweet Sixteen,3,Baylor,1,62,18,3,12,18,Villanova,Big East,22.00,16.00,6.00,0.727,11.00,4.00,0.733,9.00,0.00,4.00,4.00,3.00,2.00,3.00,1.00,1116.00,998.00,74.4,66.5,1662.00,1477.00,75.5,67.1,581.00,1291.00,0.45,203.00,576.00,0.352,297.00,388.00,0.765,24.05,119.3,9,95.3,68,65.1,320,-0.006,196,12.99,41,7.33,91,108.8,44,95.9,41,Villanova,5,55
18,3,12,2021,18,Villanova,0,Big East,22.00,16.00,6.00,0.727,11.00,4.00,0.733,9.00,0.00,4.00,4.00,3.00,2.00,3.00,1.00,1116.00,998.00,74.4,66.5,1662.00,1477.00,75.5,67.1,581.00,1291.00,0.45,203.00,576.00,0.352,297.00,388.00,0.765,24.05,119.3,9,95.3,68,65.1,320,-0.006,196,12.99,41,7.33,91,108.8,44,95.9,41,Sweet Sixteen,3,Villanova,5,51,3,2,4,2,Baylor,Big 12,24.00,22.00,2.00,0.917,13.00,1.00,0.929,11.00,0.00,7.00,1.00,4.00,1.00,7.00,2.00,1133.00,942.00,80.9,67.3,2025.00,1594.00,84.4,66.4,746.00,1513.00,0.493,248.00,593.00,0.418,285.00,409.00,0.697,30.93,124,3,93,44,68.4,179,0.05,69,9.57,78,-4.18,270,106.4,90,96.9,66,Baylor,1,55
10,,18,2021,9,Arkansas,0,SEC,28.00,22.00,6.00,0.786,13.00,4.00,0.765,16.00,1.00,5.00,4.00,1.00,1.00,2.00,2.00,1369.00,1263.00,80.5,74.3,2307.00,1979.00,82.4,70.7,825.00,1814.00,0.455,220.00,649.00,0.339,437.00,593.00,0.737,22.96,112.2,35,89.2,14,73.1,17,0.056,57,11.19,60,-5.28,282,108.2,56,97,69,Sweet Sixteen,3,Arkansas,3,72,,,152,61,Oral Roberts,Summit League,26.00,16.00,10.00,0.615,10.00,5.00,0.667,8.00,3.00,5.00,7.00,3.00,0.00,0.00,0.00,1222.00,1134.00,81.5,75.6,2126.00,1970.00,81.8,75.8,734.00,1617.00,0.454,294.00,754.00,0.39,364.00,442.00,0.824,2.64,109.4,74,106.7,285,71.8,47,0.013,147,0.01,177,21.34,4,102.9,173,102.8,206,Oral Roberts,15,56
,,152,2021,61,Oral Roberts,1,Summit League,26.00,16.00,10.00,0.615,10.00,5.00,0.667,8.00,3.00,5.00,7.00,3.00,0.00,0.00,0.00,1222.00,1134.00,81.5,75.6,2126.00,1970.00,81.8,75.8,734.00,1617.00,0.454,294.00,754.00,0.39,364.00,442.00,0.824,2.64,109.4,74,106.7,285,71.8,47,0.013,147,0.01,177,21.34,4,102.9,173,102.8,206,Sweet Sixteen,3,Oral Roberts,15,70,10,,18,9,Arkansas,SEC,28.00,22.00,6.00,0.786,13.00,4.00,0.765,16.00,1.00,5.00,4.00,1.00,1.00,2.00,2.00,1369.00,1263.00,80.5,74.3,2307.00,1979.00,82.4,70.7,825.00,1814.00,0.455,220.00,649.00,0.339,437.00,593.00,0.737,22.96,112.2,35,89.2,14,73.1,17,0.056,57,11.19,60,-5.28,282,108.2,56,97,69,Arkansas,3,56
17,,9,2021,30,Loyola-Chicago,1,Missouri Valley,28.00,24.00,4.00,0.857,16.00,2.00,0.889,13.00,0.00,8.00,3.00,3.00,1.00,0.00,1.00,1263.00,971.00,70.2,53.9,2002.00,1555.00,71.5,55.5,735.00,1456.00,0.505,201.00,546.00,0.368,331.00,458.00,0.723,25.18,111.1,49,85.9,1,64.2,342,-0.02,226,4.11,134,4.7,129,104.3,136,100.2,136,Sweet Sixteen,3,Loyola-Chicago,8,58,,,85,46,Oregon State,Pac-12,29.00,17.00,12.00,0.586,10.00,10.00,0.5,10.00,6.00,4.00,6.00,3.00,0.00,2.00,1.00,1337.00,1379.00,66.9,69,2049.00,1981.00,70.7,68.3,712.00,1638.00,0.435,203.00,575.00,0.353,422.00,557.00,0.758,11.6,110,65,98.4,117,65.4,315,0.075,38,11.16,62,-6.2,292,108.6,49,97.4,80,Oregon State,12,57
,,85,2021,46,Oregon State,1,Pac-12,29.00,17.00,12.00,0.586,10.00,10.00,0.5,10.00,6.00,4.00,6.00,3.00,0.00,2.00,1.00,1337.00,1379.00,66.9,69,2049.00,1981.00,70.7,68.3,712.00,1638.00,0.435,203.00,575.00,0.353,422.00,557.00,0.758,11.6,110,65,98.4,117,65.4,315,0.075,38,11.16,62,-6.2,292,108.6,49,97.4,80,Sweet Sixteen,3,Oregon State,12,65,17,,9,30,Loyola-Chicago,Missouri Valley,28.00,24.00,4.00,0.857,16.00,2.00,0.889,13.00,0.00,8.00,3.00,3.00,1.00,0.00,1.00,1263.00,971.00,70.2,53.9,2002.00,1555.00,71.5,55.5,735.00,1456.00,0.505,201.00,546.00,0.368,331.00,458.00,0.723,25.18,111.1,49,85.9,1,64.2,342,-0.02,226,4.11,134,4.7,129,104.3,136,100.2,136,Loyola-Chicago,8,57
,,41,2021,41,Syracuse,0,ACC,25.00,16.00,9.00,0.64,9.00,7.00,0.563,13.00,1.00,2.00,7.00,1.00,1.00,1.00,3.00,1179.00,1147.00,73.7,71.7,1896.00,1768.00,75.8,70.7,676.00,1533.00,0.441,203.00,598.00,0.339,341.00,435.00,0.784,17.66,114.5,22,96.9,89,69.2,138,0.017,137,11.66,57,2.46,171,108.5,51,96.8,64,Sweet Sixteen,3,Syracuse,11,46,6,17,6,8,Houston,American,27.00,24.00,3.00,0.889,14.00,3.00,0.824,15.00,0.00,5.00,3.00,4.00,0.00,1.00,0.00,1273.00,1001.00,74.9,58.9,2096.00,1562.00,77.6,57.9,739.00,1664.00,0.444,252.00,699.00,0.361,366.00,494.00,0.741,30.25,119.6,8,89.4,16,64.9,327,-0.009,201,6.57,106,1.63,186,103.7,151,97.1,74,Houston,2,58
6,17,6,2021,8,Houston,1,American,27.00,24.00,3.00,0.889,14.00,3.00,0.824,15.00,0.00,5.00,3.00,4.00,0.00,1.00,0.00,1273.00,1001.00,74.9,58.9,2096.00,1562.00,77.6,57.9,739.00,1664.00,0.444,252.00,699.00,0.361,366.00,494.00,0.741,30.25,119.6,8,89.4,16,64.9,327,-0.009,201,6.57,106,1.63,186,103.7,151,97.1,74,Sweet Sixteen,3,Houston,2,62,,,41,41,Syracuse,ACC,25.00,16.00,9.00,0.64,9.00,7.00,0.563,13.00,1.00,2.00,7.00,1.00,1.00,1.00,3.00,1179.00,1147.00,73.7,71.7,1896.00,1768.00,75.8,70.7,676.00,1533.00,0.441,203.00,598.00,0.339,341.00,435.00,0.784,17.66,114.5,22,96.9,89,69.2,138,0.017,137,11.66,57,2.46,171,108.5,51,96.8,64,Syracuse,11,58
1,1,1,2021,1,Gonzaga,1,WCC,26.00,26.00,0.00,1,15.00,0.00,1,12.00,0.00,7.00,0.00,7.00,0.00,4.00,0.00,1363.00,1002.00,90.9,66.8,2395.00,1797.00,92.1,69.1,888.00,1612.00,0.551,190.00,520.00,0.365,429.00,590.00,0.727,38.05,126.8,1,88.8,10,74.8,4,0.018,136,7.82,94,5.99,106,105.7,100,97.9,96,Elite Eight,4,Gonzaga,1,85,24,,14,21,USC,Pac-12,29.00,22.00,7.00,0.759,15.00,5.00,0.75,13.00,2.00,7.00,3.00,2.00,2.00,1.00,1.00,1455.00,1287.00,72.8,64.4,2168.00,1888.00,74.8,65.1,788.00,1687.00,0.467,183.00,526.00,0.348,409.00,632.00,0.647,23.65,113.6,30,89.9,19,67.3,236,-0.006,194,11.13,64,5.03,128,108.1,57,97,70,USC,6,59
24,,14,2021,21,USC,0,Pac-12,29.00,22.00,7.00,0.759,15.00,5.00,0.75,13.00,2.00,7.00,3.00,2.00,2.00,1.00,1.00,1455.00,1287.00,72.8,64.4,2168.00,1888.00,74.8,65.1,788.00,1687.00,0.467,183.00,526.00,0.348,409.00,632.00,0.647,23.65,113.6,30,89.9,19,67.3,236,-0.006,194,11.13,64,5.03,128,108.1,57,97,70,Elite Eight,4,USC,6,66,1,1,1,1,Gonzaga,WCC,26.00,26.00,0.00,1,15.00,0.00,1,12.00,0.00,7.00,0.00,7.00,0.00,4.00,0.00,1363.00,1002.00,90.9,66.8,2395.00,1797.00,92.1,69.1,888.00,1612.00,0.551,190.00,520.00,0.365,429.00,590.00,0.727,38.05,126.8,1,88.8,10,74.8,4,0.018,136,7.82,94,5.99,106,105.7,100,97.9,96,Gonzaga,1,59
4,25,2,2021,4,Michigan,0,Big Ten,24.00,20.00,4.00,0.833,14.00,3.00,0.824,13.00,1.00,6.00,2.00,1.00,1.00,6.00,3.00,1252.00,1088.00,73.6,64,1830.00,1569.00,76.3,65.4,668.00,1382.00,0.483,181.00,468.00,0.387,311.00,400.00,0.778,32.22,120.1,6,87.9,7,66.8,260,0.026,115,16.87,14,2.99,158,111.3,12,94.5,18,Elite Eight,4,Michigan,1,49,,22,44,44,UCLA,Pac-12,26.00,17.00,9.00,0.654,13.00,6.00,0.684,11.00,1.00,5.00,5.00,1.00,2.00,0.00,1.00,1350.00,1282.00,71.1,67.5,1894.00,1781.00,72.8,68.5,686.00,1485.00,0.462,173.00,471.00,0.367,349.00,484.00,0.721,17.35,114.1,26,96.8,86,64.7,332,0.024,119,11.87,55,9.09,68,108.6,50,96.7,61,UCLA,11,60
,22,44,2021,44,UCLA,0,Pac-12,26.00,17.00,9.00,0.654,13.00,6.00,0.684,11.00,1.00,5.00,5.00,1.00,2.00,0.00,1.00,1350.00,1282.00,71.1,67.5,1894.00,1781.00,72.8,68.5,686.00,1485.00,0.462,173.00,471.00,0.367,349.00,484.00,0.721,17.35,114.1,26,96.8,86,64.7,332,0.024,119,11.87,55,9.09,68,108.6,50,96.7,61,Elite Eight,4,UCLA,11,51,4,25,2,4,Michigan,Big Ten,24.00,20.00,4.00,0.833,14.00,3.00,0.824,13.00,1.00,6.00,2.00,1.00,1.00,6.00,3.00,1252.00,1088.00,73.6,64,1830.00,1569.00,76.3,65.4,668.00,1382.00,0.483,181.00,468.00,0.387,311.00,400.00,0.778,32.22,120.1,6,87.9,7,66.8,260,0.026,115,16.87,14,2.99,158,111.3,12,94.5,18,Michigan,1,60
3,2,4,2021,2,Baylor,0,Big 12,24.00,22.00,2.00,0.917,13.00,1.00,0.929,11.00,0.00,7.00,1.00,4.00,1.00,7.00,2.00,1133.00,942.00,80.9,67.3,2025.00,1594.00,84.4,66.4,746.00,1513.00,0.493,248.00,593.00,0.418,285.00,409.00,0.697,30.93,124,3,93,44,68.4,179,0.05,69,9.57,78,-4.18,270,106.4,90,96.9,66,Elite Eight,4,Baylor,1,81,10,,18,9,Arkansas,SEC,28.00,22.00,6.00,0.786,13.00,4.00,0.765,16.00,1.00,5.00,4.00,1.00,1.00,2.00,2.00,1369.00,1263.00,80.5,74.3,2307.00,1979.00,82.4,70.7,825.00,1814.00,0.455,220.00,649.00,0.339,437.00,593.00,0.737,22.96,112.2,35,89.2,14,73.1,17,0.056,57,11.19,60,-5.28,282,108.2,56,97,69,Arkansas,3,61
10,,18,2021,9,Arkansas,0,SEC,28.00,22.00,6.00,0.786,13.00,4.00,0.765,16.00,1.00,5.00,4.00,1.00,1.00,2.00,2.00,1369.00,1263.00,80.5,74.3,2307.00,1979.00,82.4,70.7,825.00,1814.00,0.455,220.00,649.00,0.339,437.00,593.00,0.737,22.96,112.2,35,89.2,14,73.1,17,0.056,57,11.19,60,-5.28,282,108.2,56,97,69,Elite Eight,4,Arkansas,3,72,3,2,4,2,Baylor,Big 12,24.00,22.00,2.00,0.917,13.00,1.00,0.929,11.00,0.00,7.00,1.00,4.00,1.00,7.00,2.00,1133.00,942.00,80.9,67.3,2025.00,1594.00,84.4,66.4,746.00,1513.00,0.493,248.00,593.00,0.418,285.00,409.00,0.697,30.93,124,3,93,44,68.4,179,0.05,69,9.57,78,-4.18,270,106.4,90,96.9,66,Baylor,1,61
,,85,2021,46,Oregon State,1,Pac-12,29.00,17.00,12.00,0.586,10.00,10.00,0.5,10.00,6.00,4.00,6.00,3.00,0.00,2.00,1.00,1337.00,1379.00,66.9,69,2049.00,1981.00,70.7,68.3,712.00,1638.00,0.435,203.00,575.00,0.353,422.00,557.00,0.758,11.6,110,65,98.4,117,65.4,315,0.075,38,11.16,62,-6.2,292,108.6,49,97.4,80,Elite Eight,4,Oregon State,12,61,6,17,6,8,Houston,American,27.00,24.00,3.00,0.889,14.00,3.00,0.824,15.00,0.00,5.00,3.00,4.00,0.00,1.00,0.00,1273.00,1001.00,74.9,58.9,2096.00,1562.00,77.6,57.9,739.00,1664.00,0.444,252.00,699.00,0.361,366.00,494.00,0.741,30.25,119.6,8,89.4,16,64.9,327,-0.009,201,6.57,106,1.63,186,103.7,151,97.1,74,Houston,2,62
6,17,6,2021,8,Houston,1,American,27.00,24.00,3.00,0.889,14.00,3.00,0.824,15.00,0.00,5.00,3.00,4.00,0.00,1.00,0.00,1273.00,1001.00,74.9,58.9,2096.00,1562.00,77.6,57.9,739.00,1664.00,0.444,252.00,699.00,0.361,366.00,494.00,0.741,30.25,119.6,8,89.4,16,64.9,327,-0.009,201,6.57,106,1.63,186,103.7,151,97.1,74,Elite Eight,4,Houston,2,67,,,85,46,Oregon State,Pac-12,29.00,17.00,12.00,0.586,10.00,10.00,0.5,10.00,6.00,4.00,6.00,3.00,0.00,2.00,1.00,1337.00,1379.00,66.9,69,2049.00,1981.00,70.7,68.3,712.00,1638.00,0.435,203.00,575.00,0.353,422.00,557.00,0.758,11.6,110,65,98.4,117,65.4,315,0.075,38,11.16,62,-6.2,292,108.6,49,97.4,80,Oregon State,12,62
1,1,1,2021,1,Gonzaga,1,WCC,26.00,26.00,0.00,1,15.00,0.00,1,12.00,0.00,7.00,0.00,7.00,0.00,4.00,0.00,1363.00,1002.00,90.9,66.8,2395.00,1797.00,92.1,69.1,888.00,1612.00,0.551,190.00,520.00,0.365,429.00,590.00,0.727,38.05,126.8,1,88.8,10,74.8,4,0.018,136,7.82,94,5.99,106,105.7,100,97.9,96,Final Four,5,Gonzaga,1,93,,22,44,44,UCLA,Pac-12,26.00,17.00,9.00,0.654,13.00,6.00,0.684,11.00,1.00,5.00,5.00,1.00,2.00,0.00,1.00,1350.00,1282.00,71.1,67.5,1894.00,1781.00,72.8,68.5,686.00,1485.00,0.462,173.00,471.00,0.367,349.00,484.00,0.721,17.35,114.1,26,96.8,86,64.7,332,0.024,119,11.87,55,9.09,68,108.6,50,96.7,61,UCLA,11,63
,22,44,2021,44,UCLA,0,Pac-12,26.00,17.00,9.00,0.654,13.00,6.00,0.684,11.00,1.00,5.00,5.00,1.00,2.00,0.00,1.00,1350.00,1282.00,71.1,67.5,1894.00,1781.00,72.8,68.5,686.00,1485.00,0.462,173.00,471.00,0.367,349.00,484.00,0.721,17.35,114.1,26,96.8,86,64.7,332,0.024,119,11.87,55,9.09,68,108.6,50,96.7,61,Final Four,5,UCLA,11,90,1,1,1,1,Gonzaga,WCC,26.00,26.00,0.00,1,15.00,0.00,1,12.00,0.00,7.00,0.00,7.00,0.00,4.00,0.00,1363.00,1002.00,90.9,66.8,2395.00,1797.00,92.1,69.1,888.00,1612.00,0.551,190.00,520.00,0.365,429.00,590.00,0.727,38.05,126.8,1,88.8,10,74.8,4,0.018,136,7.82,94,5.99,106,105.7,100,97.9,96,Gonzaga,1,63
3,2,4,2021,2,Baylor,0,Big 12,24.00,22.00,2.00,0.917,13.00,1.00,0.929,11.00,0.00,7.00,1.00,4.00,1.00,7.00,2.00,1133.00,942.00,80.9,67.3,2025.00,1594.00,84.4,66.4,746.00,1513.00,0.493,248.00,593.00,0.418,285.00,409.00,0.697,30.93,124,3,93,44,68.4,179,0.05,69,9.57,78,-4.18,270,106.4,90,96.9,66,Final Four,5,Baylor,1,78,6,17,6,8,Houston,American,27.00,24.00,3.00,0.889,14.00,3.00,0.824,15.00,0.00,5.00,3.00,4.00,0.00,1.00,0.00,1273.00,1001.00,74.9,58.9,2096.00,1562.00,77.6,57.9,739.00,1664.00,0.444,252.00,699.00,0.361,366.00,494.00,0.741,30.25,119.6,8,89.4,16,64.9,327,-0.009,201,6.57,106,1.63,186,103.7,151,97.1,74,Houston,2,64
6,17,6,2021,8,Houston,1,American,27.00,24.00,3.00,0.889,14.00,3.00,0.824,15.00,0.00,5.00,3.00,4.00,0.00,1.00,0.00,1273.00,1001.00,74.9,58.9,2096.00,1562.00,77.6,57.9,739.00,1664.00,0.444,252.00,699.00,0.361,366.00,494.00,0.741,30.25,119.6,8,89.4,16,64.9,327,-0.009,201,6.57,106,1.63,186,103.7,151,97.1,74,Final Four,5,Houston,2,59,3,2,4,2,Baylor,Big 12,24.00,22.00,2.00,0.917,13.00,1.00,0.929,11.00,0.00,7.00,1.00,4.00,1.00,7.00,2.00,1133.00,942.00,80.9,67.3,2025.00,1594.00,84.4,66.4,746.00,1513.00,0.493,248.00,593.00,0.418,285.00,409.00,0.697,30.93,124,3,93,44,68.4,179,0.05,69,9.57,78,-4.18,270,106.4,90,96.9,66,Baylor,1,64
1,1,1,2021,1,Gonzaga,1,WCC,26.00,26.00,0.00,1,15.00,0.00,1,12.00,0.00,7.00,0.00,7.00,0.00,4.00,0.00,1363.00,1002.00,90.9,66.8,2395.00,1797.00,92.1,69.1,888.00,1612.00,0.551,190.00,520.00,0.365,429.00,590.00,0.727,38.05,126.8,1,88.8,10,74.8,4,0.018,136,7.82,94,5.99,106,105.7,100,97.9,96,Final Four,5,Gonzaga,1,70,3,2,4,2,Baylor,Big 12,24.00,22.00,2.00,0.917,13.00,1.00,0.929,11.00,0.00,7.00,1.00,4.00,1.00,7.00,2.00,1133.00,942.00,80.9,67.3,2025.00,1594.00,84.4,66.4,746.00,1513.00,0.493,248.00,593.00,0.418,285.00,409.00,0.697,30.93,124,3,93,44,68.4,179,0.05,69,9.57,78,-4.18,270,106.4,90,96.9,66,Baylor,1,65
3,2,4,2021,2,Baylor,0,Big 12,24.00,22.00,2.00,0.917,13.00,1.00,0.929,11.00,0.00,7.00,1.00,4.00,1.00,7.00,2.00,1133.00,942.00,80.9,67.3,2025.00,1594.00,84.4,66.4,746.00,1513.00,0.493,248.00,593.00,0.418,285.00,409.00,0.697,30.93,124,3,93,44,68.4,179,0.05,69,9.57,78,-4.18,270,106.4,90,96.9,66,Final Four,5,Baylor,1,86,1,1,1,1,Gonzaga,WCC,26.00,26.00,0.00,1,15.00,0.00,1,12.00,0.00,7.00,0.00,7.00,0.00,4.00,0.00,1363.00,1002.00,90.9,66.8,2395.00,1797.00,92.1,69.1,888.00,1612.00,0.551,190.00,520.00,0.365,429.00,590.00,0.727,38.05,126.8,1,88.8,10,74.8,4,0.018,136,7.82,94,5.99,106,105.7,100,97.9,96,Gonzaga,1,65
